-- ============================================
-- 数据库数据导出（敏感数据已脱敏）
-- 导出时间: 2025-10-12 09:27:11
-- 注意：客户姓名、电话、地址均为假数据
-- ============================================

-- 1. 设备型号数据（device_models）
-- 注意：需要先导入主设备型号，再导入附件型号
INSERT INTO device_models (id, name, display_name, description, is_active, is_accessory, parent_model_id, default_accessories, device_value, created_at, updated_at) VALUES (1, 'VIVO X200U 16+512', 'X200U', '默认设备型号', TRUE, FALSE, NULL, '专用手机壳 x1
vivo 原装增距镜 x1
镜头转接环 x1
vivo90w 充电头，充电线 x1', '7000.00', '2025-09-20 14:06:03', '2025-09-20 14:06:03');
INSERT INTO device_models (id, name, display_name, description, is_active, is_accessory, parent_model_id, default_accessories, device_value, created_at, updated_at) VALUES (2, 'dji mini5pro 畅飞套', 'mini5pro', '默认设备型号', TRUE, FALSE, NULL, 'RC2 带屏遥控 x1
原装 nd 滤镜一套 x1
标准续航电池 x3
备用桨叶 x6
256g tf卡 x1
读卡器 x1
充电器充电线+充电管家 x1
收纳保护罩 x1
单肩包 x1', '7000.00', '2025-09-20 14:06:03', '2025-09-20 14:06:03');
INSERT INTO device_models (id, name, display_name, description, is_active, is_accessory, parent_model_id, default_accessories, device_value, created_at, updated_at) VALUES (5, 'x200u手柄', 'x200u手柄', 'X200U专用手柄', TRUE, TRUE, 1, NULL, '400.00', '2025-09-20 14:06:03', '2025-09-20 14:06:03');
INSERT INTO device_models (id, name, display_name, description, is_active, is_accessory, parent_model_id, default_accessories, device_value, created_at, updated_at) VALUES (6, '手机支架', '手机支架', 'shouji zhijia', TRUE, TRUE, 1, NULL, '100.00', '2025-09-20 14:06:03', '2025-09-20 14:06:03');

-- 2. 设备数据（devices）
INSERT INTO devices (id, name, serial_number, model, model_id, is_accessory, status, created_at, updated_at) VALUES (1, '2001', '10AF4C15P8002JU', 'VIVO X200U 16+512', 1, FALSE, 'online', '2025-08-26 11:44:07', '2025-09-27 07:07:57');
INSERT INTO devices (id, name, serial_number, model, model_id, is_accessory, status, created_at, updated_at) VALUES (2, '2002', '10AF4F2N88002K0', 'VIVO X200U 16+512', 1, FALSE, 'online', '2025-08-26 11:44:07', '2025-09-27 00:43:08');
INSERT INTO devices (id, name, serial_number, model, model_id, is_accessory, status, created_at, updated_at) VALUES (3, '2003', '10AF5R2EJC003GQ', 'VIVO X200U 16+512', 1, FALSE, 'online', '2025-08-26 11:44:07', '2025-09-27 16:00:55');
INSERT INTO devices (id, name, serial_number, model, model_id, is_accessory, status, created_at, updated_at) VALUES (4, '2004', '10AF6C23YF0040C', 'VIVO X200U 16+512', 1, FALSE, 'online', '2025-08-26 11:44:07', '2025-09-26 15:51:11');
INSERT INTO devices (id, name, serial_number, model, model_id, is_accessory, status, created_at, updated_at) VALUES (5, '2005', '10AF4D034M002LD', 'VIVO X200U 16+512', 1, FALSE, 'online', '2025-08-26 11:44:07', '2025-09-22 15:30:56');
INSERT INTO devices (id, name, serial_number, model, model_id, is_accessory, status, created_at, updated_at) VALUES (6, '2006', '10AF4U05QK002ZB', 'VIVO X200U 16+512', 1, FALSE, 'online', '2025-08-26 11:44:07', '2025-09-27 16:00:55');
INSERT INTO devices (id, name, serial_number, model, model_id, is_accessory, status, created_at, updated_at) VALUES (7, '2007', '10AF5X2HDQ003M7', 'VIVO X200U 16+512', 1, FALSE, 'online', '2025-08-26 11:44:07', '2025-09-27 16:00:55');
INSERT INTO devices (id, name, serial_number, model, model_id, is_accessory, status, created_at, updated_at) VALUES (8, '2008', '10AF7H1QM0004Y6', 'VIVO X200U 16+512', 1, FALSE, 'online', '2025-08-26 11:44:07', '2025-09-27 02:26:37');
INSERT INTO devices (id, name, serial_number, model, model_id, is_accessory, status, created_at, updated_at) VALUES (9, '2009', '10AF7423K3004PL', 'VIVO X200U 16+512', 1, FALSE, 'online', '2025-08-26 11:44:07', '2025-09-26 16:01:13');
INSERT INTO devices (id, name, serial_number, model, model_id, is_accessory, status, created_at, updated_at) VALUES (10, '2010', '10AF4U0FMT002ZB', 'VIVO X200U 16+512', 1, FALSE, 'online', '2025-08-26 11:44:07', '2025-09-27 16:00:55');
INSERT INTO devices (id, name, serial_number, model, model_id, is_accessory, status, created_at, updated_at) VALUES (11, '2011', '10AF561KHA0035K', 'VIVO X200U 16+512', 1, FALSE, 'online', '2025-08-26 11:44:07', '2025-09-27 16:00:55');
INSERT INTO devices (id, name, serial_number, model, model_id, is_accessory, status, created_at, updated_at) VALUES (12, '2012', '10AF3S0EQQ00206', 'VIVO X200U 16+512', 1, FALSE, 'online', '2025-08-26 11:44:07', '2025-09-26 16:01:13');
INSERT INTO devices (id, name, serial_number, model, model_id, is_accessory, status, created_at, updated_at) VALUES (13, '2013', '10AF4U0D60002ZB', 'VIVO X200U 16+512', 1, FALSE, 'offline', '2025-08-26 11:44:07', '2025-10-09 13:22:08');
INSERT INTO devices (id, name, serial_number, model, model_id, is_accessory, status, created_at, updated_at) VALUES (14, '2014', '10AF6K10B30046N', 'VIVO X200U 16+512', 1, FALSE, 'online', '2025-08-26 11:44:07', '2025-09-27 00:44:01');
INSERT INTO devices (id, name, serial_number, model, model_id, is_accessory, status, created_at, updated_at) VALUES (15, '2015', '10AF6MOPF00049M', 'VIVO X200U 16+512', 1, FALSE, 'online', '2025-08-26 11:44:07', '2025-09-27 16:00:55');
INSERT INTO devices (id, name, serial_number, model, model_id, is_accessory, status, created_at, updated_at) VALUES (16, '2016', '10AF6D0Q7800439', 'VIVO X200U 16+512', 1, FALSE, 'online', '2025-08-26 11:44:07', '2025-09-27 11:46:59');
INSERT INTO devices (id, name, serial_number, model, model_id, is_accessory, status, created_at, updated_at) VALUES (17, '2017', '10AF4F0A99002K0', 'VIVO X200U 16+512', 1, FALSE, 'online', '2025-08-26 11:44:07', '2025-09-25 21:11:06');
INSERT INTO devices (id, name, serial_number, model, model_id, is_accessory, status, created_at, updated_at) VALUES (18, '2018', '10AF571CSR00375', 'VIVO X200U 16+512', 1, FALSE, 'online', '2025-08-26 11:44:07', '2025-09-27 07:06:31');
INSERT INTO devices (id, name, serial_number, model, model_id, is_accessory, status, created_at, updated_at) VALUES (19, '2019', '10AF6S304P004E9', 'VIVO X200U 16+512', 1, FALSE, 'online', '2025-08-26 11:44:07', '2025-09-27 16:00:55');
INSERT INTO devices (id, name, serial_number, model, model_id, is_accessory, status, created_at, updated_at) VALUES (20, '2020', '10AF4COULP002JU', 'VIVO X200U 16+512', 1, FALSE, 'online', '2025-08-26 11:44:07', '2025-09-26 16:01:13');
INSERT INTO devices (id, name, serial_number, model, model_id, is_accessory, status, created_at, updated_at) VALUES (21, '2021', '10AF6MOPDK0049M', 'VIVO X200U 16+512', 1, FALSE, 'online', '2025-08-26 11:44:07', '2025-09-26 16:00:10');
INSERT INTO devices (id, name, serial_number, model, model_id, is_accessory, status, created_at, updated_at) VALUES (22, '2022', '10AF4N0BXU002NC', 'VIVO X200U 16+512', 1, FALSE, 'offline', '2025-08-26 11:44:07', '2025-10-09 06:30:40');
INSERT INTO devices (id, name, serial_number, model, model_id, is_accessory, status, created_at, updated_at) VALUES (23, '2023', '10AF771R44004NB', 'VIVO X200U 16+512', 1, FALSE, 'online', '2025-08-26 11:44:07', '2025-09-26 03:53:03');
INSERT INTO devices (id, name, serial_number, model, model_id, is_accessory, status, created_at, updated_at) VALUES (24, '2024', '10AF6S301B004E9', 'VIVO X200U 16+512', 1, FALSE, 'online', '2025-08-26 11:44:07', '2025-10-10 12:33:54');
INSERT INTO devices (id, name, serial_number, model, model_id, is_accessory, status, created_at, updated_at) VALUES (25, '2025', '10AF5L1X57003DR', 'VIVO X200U 16+512', 1, FALSE, 'online', '2025-08-26 11:44:07', '2025-09-27 11:32:58');
INSERT INTO devices (id, name, serial_number, model, model_id, is_accessory, status, created_at, updated_at) VALUES (26, '2026', '10AF460K5G002E9', 'VIVO X200U 16+512', 1, FALSE, 'online', '2025-08-26 11:44:07', '2025-09-27 16:00:56');
INSERT INTO devices (id, name, serial_number, model, model_id, is_accessory, status, created_at, updated_at) VALUES (27, '2027', '10AF492LJM002CX', 'VIVO X200U 16+512', 1, FALSE, 'offline', '2025-08-26 11:44:07', '2025-10-10 04:16:43');
INSERT INTO devices (id, name, serial_number, model, model_id, is_accessory, status, created_at, updated_at) VALUES (28, '2028', '10AF5L3000003DR', 'VIVO X200U 16+512', 1, FALSE, 'online', '2025-08-26 11:44:07', '2025-09-27 01:45:11');
INSERT INTO devices (id, name, serial_number, model, model_id, is_accessory, status, created_at, updated_at) VALUES (29, '2029', '10AF571B2L00375', 'VIVO X200U 16+512', 1, FALSE, 'online', '2025-08-26 11:44:07', '2025-09-24 16:00:34');
INSERT INTO devices (id, name, serial_number, model, model_id, is_accessory, status, created_at, updated_at) VALUES (30, '2030', '10AF810QE5005BX', 'VIVO X200U 16+512', 1, FALSE, 'online', '2025-08-26 11:44:07', '2025-09-27 16:00:56');
INSERT INTO devices (id, name, serial_number, model, model_id, is_accessory, status, created_at, updated_at) VALUES (31, '2031', '10AF742G30004N4', 'VIVO X200U 16+512', 1, FALSE, 'online', '2025-08-26 11:44:07', '2025-09-22 01:33:48');
INSERT INTO devices (id, name, serial_number, model, model_id, is_accessory, status, created_at, updated_at) VALUES (32, '2032', '10AF6F0AQ90043C', 'VIVO X200U 16+512', 1, FALSE, 'online', '2025-08-26 11:44:07', '2025-09-26 04:04:34');
INSERT INTO devices (id, name, serial_number, model, model_id, is_accessory, status, created_at, updated_at) VALUES (33, '2033', '10AF73155N004LK', 'VIVO X200U 16+512', 1, FALSE, 'online', '2025-08-26 11:44:07', '2025-09-26 16:00:10');
INSERT INTO devices (id, name, serial_number, model, model_id, is_accessory, status, created_at, updated_at) VALUES (34, '2034', '10AF6MOPC80049M', 'VIVO X200U 16+512', 1, FALSE, 'online', '2025-08-26 11:44:07', '2025-09-25 21:11:06');
INSERT INTO devices (id, name, serial_number, model, model_id, is_accessory, status, created_at, updated_at) VALUES (35, 'sb01', 'sb01', 'x200u 专用手柄', 5, TRUE, 'online', '2025-09-14 10:19:38', '2025-09-21 14:04:58');
INSERT INTO devices (id, name, serial_number, model, model_id, is_accessory, status, created_at, updated_at) VALUES (36, 'sb02', 'sb02', 'x200u 专用手柄', 5, TRUE, 'online', '2025-09-14 10:19:38', '2025-09-21 14:04:58');
INSERT INTO devices (id, name, serial_number, model, model_id, is_accessory, status, created_at, updated_at) VALUES (37, 'sb03', 'sb03', 'x200u 专用手柄', 5, TRUE, 'online', '2025-09-14 10:19:38', '2025-09-21 14:04:58');
INSERT INTO devices (id, name, serial_number, model, model_id, is_accessory, status, created_at, updated_at) VALUES (38, 'sb04', 'sb04', 'x200u 专用手柄', 5, TRUE, 'online', '2025-09-14 10:19:38', '2025-09-20 16:00:56');
INSERT INTO devices (id, name, serial_number, model, model_id, is_accessory, status, created_at, updated_at) VALUES (39, 'sb05', 'sb05', 'x200u 专用手柄', 5, TRUE, 'online', '2025-09-14 10:19:38', '2025-09-20 16:00:56');
INSERT INTO devices (id, name, serial_number, model, model_id, is_accessory, status, created_at, updated_at) VALUES (40, 'sb06', 'sb06', 'x200u 专用手柄', 5, TRUE, 'online', '2025-09-14 10:19:38', '2025-09-14 10:19:38');
INSERT INTO devices (id, name, serial_number, model, model_id, is_accessory, status, created_at, updated_at) VALUES (41, 'sb07', 'sb07', 'x200u 专用手柄', 5, TRUE, 'online', '2025-09-14 10:19:38', '2025-09-14 10:19:38');
INSERT INTO devices (id, name, serial_number, model, model_id, is_accessory, status, created_at, updated_at) VALUES (42, 'sb08', 'sb08', 'x200u 专用手柄', 5, TRUE, 'online', '2025-09-14 10:19:38', '2025-09-25 21:11:06');
INSERT INTO devices (id, name, serial_number, model, model_id, is_accessory, status, created_at, updated_at) VALUES (43, 'sb09', 'sb09', 'x200u 专用手柄', 5, TRUE, 'online', '2025-09-14 10:19:38', '2025-09-27 16:00:56');
INSERT INTO devices (id, name, serial_number, model, model_id, is_accessory, status, created_at, updated_at) VALUES (44, '2035', '10AF8Q17KR005TL', 'VIVO X200U 16+512', 1, FALSE, 'online', '2025-09-16 08:23:50', '2025-09-27 15:02:26');
INSERT INTO devices (id, name, serial_number, model, model_id, is_accessory, status, created_at, updated_at) VALUES (45, '2036', '10AF7229HG004JY', 'VIVO X200U 16+512', 1, FALSE, 'online', '2025-09-19 06:06:10', '2025-09-26 03:59:00');
INSERT INTO devices (id, name, serial_number, model, model_id, is_accessory, status, created_at, updated_at) VALUES (46, '手机支架1', 'zj1', '手机支架', 6, TRUE, 'online', '2025-09-20 14:12:33', '2025-09-20 14:12:33');
INSERT INTO devices (id, name, serial_number, model, model_id, is_accessory, status, created_at, updated_at) VALUES (47, '手机支架2', 'zj2', '手机支架', 6, TRUE, 'online', '2025-09-20 14:12:50', '2025-09-20 14:12:50');
INSERT INTO devices (id, name, serial_number, model, model_id, is_accessory, status, created_at, updated_at) VALUES (48, '手机支架3', 'zj3', '手机支架', 6, TRUE, 'online', '2025-09-20 14:13:06', '2025-09-20 14:13:06');
INSERT INTO devices (id, name, serial_number, model, model_id, is_accessory, status, created_at, updated_at) VALUES (49, '手机支架4', 'zj4', '手机支架', 6, TRUE, 'online', '2025-09-20 14:13:18', '2025-09-20 14:13:18');
INSERT INTO devices (id, name, serial_number, model, model_id, is_accessory, status, created_at, updated_at) VALUES (50, '手机支架5', 'zj5', '手机支架', 6, TRUE, 'online', '2025-09-20 14:13:28', '2025-09-20 14:13:28');
INSERT INTO devices (id, name, serial_number, model, model_id, is_accessory, status, created_at, updated_at) VALUES (51, '手机支架6', 'zj6', '手机支架', 6, TRUE, 'online', '2025-09-20 14:13:38', '2025-09-20 14:13:38');
INSERT INTO devices (id, name, serial_number, model, model_id, is_accessory, status, created_at, updated_at) VALUES (52, '手机支架7', 'zj7', '手机支架', 6, TRUE, 'online', '2025-09-20 14:13:54', '2025-09-20 14:13:54');
INSERT INTO devices (id, name, serial_number, model, model_id, is_accessory, status, created_at, updated_at) VALUES (53, 'M001', 'DJI-MINI5PRO-001', 'mini5pro', 2, FALSE, 'online', '2025-09-21 14:05:07', '2025-09-22 01:11:08');
INSERT INTO devices (id, name, serial_number, model, model_id, is_accessory, status, created_at, updated_at) VALUES (54, '2037', '10AF4M00Y6002SP', 'VIVO X200U 16+512', 1, FALSE, 'online', '2025-09-22 09:03:09', '2025-09-25 10:20:43');

-- 3. 租赁数据（rentals）
-- 注意：需要先导入主租赁记录，再导入附件租赁记录
INSERT INTO rentals (id, device_id, start_date, end_date, ship_out_time, ship_in_time, customer_name, customer_phone, destination, ship_out_tracking_no, ship_in_tracking_no, status, parent_rental_id, created_at, updated_at) VALUES (1, 1, '2025-08-31', '2025-08-31', '2025-08-29 08:00:00', '2025-09-02 08:00:00', '宋文', '15616044567', '倪帆 13512602582
山西省凤兰市城北澳门路y座', NULL, NULL, 'not_shipped', NULL, '2025-08-27 05:40:00', '2025-08-27 05:40:00');
INSERT INTO rentals (id, device_id, start_date, end_date, ship_out_time, ship_in_time, customer_name, customer_phone, destination, ship_out_tracking_no, ship_in_tracking_no, status, parent_rental_id, created_at, updated_at) VALUES (2, 2, '2025-08-29', '2025-08-30', '2025-08-26 00:00:00', '2025-09-01 00:00:00', '程超', '18094276756', '孟颖 18951681294
天津市乌鲁木齐市牧野关岭街g座', '', '', 'not_shipped', NULL, '2025-08-27 06:08:29', '2025-08-27 06:25:42');
INSERT INTO rentals (id, device_id, start_date, end_date, ship_out_time, ship_in_time, customer_name, customer_phone, destination, ship_out_tracking_no, ship_in_tracking_no, status, parent_rental_id, created_at, updated_at) VALUES (3, 3, '2025-08-28', '2025-08-31', '2025-08-26 00:00:00', '2025-09-02 00:00:00', '张桂珍', '13755979729', '向艳 18256928132
福建省兴安盟市高明济南街c座', '', '', 'not_shipped', NULL, '2025-08-27 06:17:17', '2025-08-27 06:26:04');
INSERT INTO rentals (id, device_id, start_date, end_date, ship_out_time, ship_in_time, customer_name, customer_phone, destination, ship_out_tracking_no, ship_in_tracking_no, status, parent_rental_id, created_at, updated_at) VALUES (4, 4, '2025-08-27', '2025-08-31', '2025-08-26 14:26:00', '2025-09-02 14:26:00', '倪淑英', '18897049254', '何帆 13725659941
宁夏回族自治区彬市梁平杭州街Z座', '', '', 'not_shipped', NULL, '2025-08-27 06:28:02', '2025-08-27 06:28:25');
INSERT INTO rentals (id, device_id, start_date, end_date, ship_out_time, ship_in_time, customer_name, customer_phone, destination, ship_out_tracking_no, ship_in_tracking_no, status, parent_rental_id, created_at, updated_at) VALUES (5, 5, '2025-08-27', '2025-08-28', '2025-08-26 14:28:00', '2025-08-30 14:28:00', '林丽', '18656253643', '王淑珍 13173008991
贵州省惠州县静安梧州路p座', '', '', 'not_shipped', NULL, '2025-08-27 06:29:46', '2025-08-27 06:30:27');
INSERT INTO rentals (id, device_id, start_date, end_date, ship_out_time, ship_in_time, customer_name, customer_phone, destination, ship_out_tracking_no, ship_in_tracking_no, status, parent_rental_id, created_at, updated_at) VALUES (6, 6, '2025-08-29', '2025-09-02', '2025-08-28 14:30:00', '2025-09-03 14:30:00', '袁玉梅', '15963275767', '敖晶 18547862912
上海市杨县海港哈尔滨路r座', NULL, NULL, 'not_shipped', NULL, '2025-08-27 06:31:37', '2025-08-27 06:31:37');
INSERT INTO rentals (id, device_id, start_date, end_date, ship_out_time, ship_in_time, customer_name, customer_phone, destination, ship_out_tracking_no, ship_in_tracking_no, status, parent_rental_id, created_at, updated_at) VALUES (7, 6, '2025-09-05', '2025-09-05', '2025-09-03 14:32:00', '2025-09-07 14:32:00', '朱磊', '18023448671', '孟想 13078981110
山东省淑珍市璧山南宁街Q座', NULL, NULL, 'not_shipped', NULL, '2025-08-27 06:32:54', '2025-08-27 06:32:54');
INSERT INTO rentals (id, device_id, start_date, end_date, ship_out_time, ship_in_time, customer_name, customer_phone, destination, ship_out_tracking_no, ship_in_tracking_no, status, parent_rental_id, created_at, updated_at) VALUES (8, 7, '2025-08-30', '2025-08-31', '2025-08-28 14:33:00', '2025-09-02 14:33:00', '郭兵', '14528347193', '丰桂香 13114250609
安徽省莉市东城孙街K座', NULL, NULL, 'not_shipped', NULL, '2025-08-27 06:34:07', '2025-08-27 06:34:07');
INSERT INTO rentals (id, device_id, start_date, end_date, ship_out_time, ship_in_time, customer_name, customer_phone, destination, ship_out_tracking_no, ship_in_tracking_no, status, parent_rental_id, created_at, updated_at) VALUES (9, 8, '2025-08-27', '2025-08-27', '2025-08-25 14:34:00', '2025-08-29 14:34:00', '侯杨', '15813935585', '刘红霞 15649471219
青海省兰州县长寿吴路X座', NULL, NULL, 'not_shipped', NULL, '2025-08-27 06:35:50', '2025-08-27 06:35:50');
INSERT INTO rentals (id, device_id, start_date, end_date, ship_out_time, ship_in_time, customer_name, customer_phone, destination, ship_out_tracking_no, ship_in_tracking_no, status, parent_rental_id, created_at, updated_at) VALUES (10, 9, '2025-08-28', '2025-08-31', '2025-08-26 14:36:00', '2025-09-02 14:36:00', '李桂兰', '18579698895', '杨晶 18045785915
海南省北镇县南长罗街j座', NULL, NULL, 'not_shipped', NULL, '2025-08-27 06:37:11', '2025-08-27 06:37:11');
INSERT INTO rentals (id, device_id, start_date, end_date, ship_out_time, ship_in_time, customer_name, customer_phone, destination, ship_out_tracking_no, ship_in_tracking_no, status, parent_rental_id, created_at, updated_at) VALUES (11, 10, '2025-08-28', '2025-08-29', '2025-08-27 14:37:00', '2025-08-30 14:37:00', '杨洁', '13534825692', '李峰 18870576964
山西省磊县沈河郑州街y座', NULL, NULL, 'not_shipped', NULL, '2025-08-27 06:38:13', '2025-08-27 06:38:13');
INSERT INTO rentals (id, device_id, start_date, end_date, ship_out_time, ship_in_time, customer_name, customer_phone, destination, ship_out_tracking_no, ship_in_tracking_no, status, parent_rental_id, created_at, updated_at) VALUES (12, 1, '2025-09-14', '2025-09-14', '2025-09-13 09:00:00', '2025-09-15 18:00:00', '满芳', '15662692424', '王鑫 14726933533
黑龙江省琴县清城陈街t座', '', '', 'not_shipped', NULL, '2025-09-14 00:41:16', '2025-09-14 00:52:19');
INSERT INTO rentals (id, device_id, start_date, end_date, ship_out_time, ship_in_time, customer_name, customer_phone, destination, ship_out_tracking_no, ship_in_tracking_no, status, parent_rental_id, created_at, updated_at) VALUES (13, 2, '2025-09-14', '2025-09-14', '2025-09-12 09:00:00', '2025-09-15 18:00:00', '金欢', '18198853243', '杨畅 13887281677
辽宁省荣县龙潭刘街x座', '', '', 'not_shipped', NULL, '2025-09-14 00:41:43', '2025-09-14 00:42:05');
INSERT INTO rentals (id, device_id, start_date, end_date, ship_out_time, ship_in_time, customer_name, customer_phone, destination, ship_out_tracking_no, ship_in_tracking_no, status, parent_rental_id, created_at, updated_at) VALUES (14, 3, '2025-09-14', '2025-09-14', '2025-09-12 09:00:00', '2025-09-15 18:00:00', '冉健', '18212199542', '王小红 15657655552
海南省荣市滨城哈尔滨街E座', '', '', 'completed', NULL, '2025-09-14 00:42:54', '2025-09-29 04:24:19');
INSERT INTO rentals (id, device_id, start_date, end_date, ship_out_time, ship_in_time, customer_name, customer_phone, destination, ship_out_tracking_no, ship_in_tracking_no, status, parent_rental_id, created_at, updated_at) VALUES (15, 4, '2025-09-14', '2025-09-14', '2025-09-12 09:00:00', '2025-09-15 18:00:00', '王桂珍', '18161841918', '宋秀芳 18894874393
上海市建军市安次永安街h座', '', '', 'not_shipped', NULL, '2025-09-14 00:43:40', '2025-09-15 14:01:01');
INSERT INTO rentals (id, device_id, start_date, end_date, ship_out_time, ship_in_time, customer_name, customer_phone, destination, ship_out_tracking_no, ship_in_tracking_no, status, parent_rental_id, created_at, updated_at) VALUES (16, 5, '2025-09-14', '2025-09-15', '2025-09-12 09:00:00', '2025-09-17 18:00:00', '杨文', '13376588356', '黄瑜 15922481039
西藏自治区桂花市东丽辛集路z座', '', '', 'not_shipped', NULL, '2025-09-14 00:44:42', '2025-09-14 00:53:36');
INSERT INTO rentals (id, device_id, start_date, end_date, ship_out_time, ship_in_time, customer_name, customer_phone, destination, ship_out_tracking_no, ship_in_tracking_no, status, parent_rental_id, created_at, updated_at) VALUES (17, 6, '2025-09-14', '2025-09-14', '2025-09-12 09:00:00', '2025-09-16 18:00:00', '曲慧', '15912677420', '李娟 13358119551
福建省柳县永川何路X座', NULL, NULL, 'not_shipped', NULL, '2025-09-14 00:54:06', '2025-09-14 00:54:06');
INSERT INTO rentals (id, device_id, start_date, end_date, ship_out_time, ship_in_time, customer_name, customer_phone, destination, ship_out_tracking_no, ship_in_tracking_no, status, parent_rental_id, created_at, updated_at) VALUES (18, 17, '2025-09-14', '2025-09-14', '2025-09-12 09:00:00', '2025-09-15 18:00:00', '乔辉', '18661671952', '黄洋 13413338349
天津市伟县丰都张路z座', '', '', 'not_shipped', NULL, '2025-09-14 00:55:54', '2025-09-17 03:59:08');
INSERT INTO rentals (id, device_id, start_date, end_date, ship_out_time, ship_in_time, customer_name, customer_phone, destination, ship_out_tracking_no, ship_in_tracking_no, status, parent_rental_id, created_at, updated_at) VALUES (19, 8, '2025-09-14', '2025-09-14', '2025-09-12 09:00:00', '2025-09-16 18:00:00', '戴敏', '18615729854', '吴桂花 15788979513
广东省呼和浩特市六枝特陶路m座', '', '', 'not_shipped', NULL, '2025-09-14 00:56:55', '2025-09-16 08:19:05');
INSERT INTO rentals (id, device_id, start_date, end_date, ship_out_time, ship_in_time, customer_name, customer_phone, destination, ship_out_tracking_no, ship_in_tracking_no, status, parent_rental_id, created_at, updated_at) VALUES (20, 9, '2025-09-14', '2025-09-14', '2025-09-12 09:00:00', '2025-09-17 18:00:00', '舒海燕', '13567984044', '张婷婷 13375150905
吉林省帆市萧山蒋路N座', '', '', 'not_shipped', NULL, '2025-09-14 00:57:23', '2025-09-14 00:57:38');
INSERT INTO rentals (id, device_id, start_date, end_date, ship_out_time, ship_in_time, customer_name, customer_phone, destination, ship_out_tracking_no, ship_in_tracking_no, status, parent_rental_id, created_at, updated_at) VALUES (21, 10, '2025-09-14', '2025-09-14', '2025-09-12 09:00:00', '2025-09-15 18:00:00', '李超', '15275580824', '王洁 13262869627
云南省芳市南溪呼和浩特街t座', '', '', 'completed', NULL, '2025-09-14 00:58:43', '2025-09-29 04:24:25');
INSERT INTO rentals (id, device_id, start_date, end_date, ship_out_time, ship_in_time, customer_name, customer_phone, destination, ship_out_tracking_no, ship_in_tracking_no, status, parent_rental_id, created_at, updated_at) VALUES (22, 11, '2025-09-14', '2025-09-14', '2025-09-12 09:00:00', '2025-09-17 18:00:00', '王杨', '18209885146', '赵霞 13941899158
河北省雪梅县六枝特杭州路Z座', '', '', 'completed', NULL, '2025-09-14 00:59:23', '2025-09-29 04:24:32');
INSERT INTO rentals (id, device_id, start_date, end_date, ship_out_time, ship_in_time, customer_name, customer_phone, destination, ship_out_tracking_no, ship_in_tracking_no, status, parent_rental_id, created_at, updated_at) VALUES (23, 12, '2025-09-14', '2025-09-14', '2025-09-12 09:00:00', '2025-09-15 18:00:00', '罗雪梅', '15217196694', '王勇 13183477246
香港特别行政区华县蓟州何街c座', '', '', 'not_shipped', NULL, '2025-09-14 01:00:21', '2025-09-15 14:12:51');
INSERT INTO rentals (id, device_id, start_date, end_date, ship_out_time, ship_in_time, customer_name, customer_phone, destination, ship_out_tracking_no, ship_in_tracking_no, status, parent_rental_id, created_at, updated_at) VALUES (24, 13, '2025-09-14', '2025-09-14', '2025-09-12 09:00:00', '2025-09-15 18:00:00', '江勇', '13732834242', '芦林 18630509434
山东省杰县安次徐街f座', '', '', 'not_shipped', NULL, '2025-09-14 01:01:12', '2025-09-15 14:02:46');
INSERT INTO rentals (id, device_id, start_date, end_date, ship_out_time, ship_in_time, customer_name, customer_phone, destination, ship_out_tracking_no, ship_in_tracking_no, status, parent_rental_id, created_at, updated_at) VALUES (25, 14, '2025-09-14', '2025-09-15', '2025-09-12 09:00:00', '2025-09-17 18:00:00', '韩玉华', '14527703106', '瞿鑫 14551008684
台湾省通辽县城北南宁街s座', NULL, NULL, 'not_shipped', NULL, '2025-09-14 01:01:56', '2025-09-14 01:01:56');
INSERT INTO rentals (id, device_id, start_date, end_date, ship_out_time, ship_in_time, customer_name, customer_phone, destination, ship_out_tracking_no, ship_in_tracking_no, status, parent_rental_id, created_at, updated_at) VALUES (26, 15, '2025-09-14', '2025-09-14', '2025-09-12 09:00:00', '2025-09-16 18:00:00', '杨凤英', '18298320739', '杨芳 18653178341
河北省哈尔滨县秀英王街B座', NULL, NULL, 'not_shipped', NULL, '2025-09-14 01:02:32', '2025-09-14 01:02:32');
INSERT INTO rentals (id, device_id, start_date, end_date, ship_out_time, ship_in_time, customer_name, customer_phone, destination, ship_out_tracking_no, ship_in_tracking_no, status, parent_rental_id, created_at, updated_at) VALUES (27, 16, '2025-09-14', '2025-09-14', '2025-09-12 09:00:00', '2025-09-15 18:00:00', '周超', '15236959399', '徐磊 13691623847
黑龙江省辉县孝南拉萨街w座', '', '', 'not_shipped', NULL, '2025-09-14 01:03:06', '2025-09-14 03:17:04');
INSERT INTO rentals (id, device_id, start_date, end_date, ship_out_time, ship_in_time, customer_name, customer_phone, destination, ship_out_tracking_no, ship_in_tracking_no, status, parent_rental_id, created_at, updated_at) VALUES (28, 18, '2025-09-14', '2025-09-14', '2025-09-12 09:00:00', '2025-09-17 18:00:00', '吴洋', '15728165605', '张强 13025635068
黑龙江省福州市黄浦昆明路f座', '', '', 'not_shipped', NULL, '2025-09-14 01:03:56', '2025-09-17 03:54:07');
INSERT INTO rentals (id, device_id, start_date, end_date, ship_out_time, ship_in_time, customer_name, customer_phone, destination, ship_out_tracking_no, ship_in_tracking_no, status, parent_rental_id, created_at, updated_at) VALUES (29, 7, '2025-09-14', '2025-09-16', '2025-09-12 09:00:00', '2025-09-17 18:00:00', '洪小红', '13094211283', '梁玉 14545823957
广东省海门市南湖合山街u座', '', '', 'not_shipped', NULL, '2025-09-14 01:04:56', '2025-09-17 03:59:27');
INSERT INTO rentals (id, device_id, start_date, end_date, ship_out_time, ship_in_time, customer_name, customer_phone, destination, ship_out_tracking_no, ship_in_tracking_no, status, parent_rental_id, created_at, updated_at) VALUES (30, 19, '2025-09-14', '2025-09-14', '2025-09-12 09:00:00', '2025-09-16 18:00:00', '孙军', '13837675648', '郑桂花 15977929384
浙江省小红县六枝特合肥路L座', NULL, NULL, 'not_shipped', NULL, '2025-09-14 01:05:52', '2025-09-14 01:05:52');
INSERT INTO rentals (id, device_id, start_date, end_date, ship_out_time, ship_in_time, customer_name, customer_phone, destination, ship_out_tracking_no, ship_in_tracking_no, status, parent_rental_id, created_at, updated_at) VALUES (31, 20, '2025-09-14', '2025-09-14', '2025-09-12 09:00:00', '2025-09-15 18:00:00', '武荣', '18620110949', '艾桂荣 18871104665
云南省南昌县六枝特郭路X座', '', '', 'not_shipped', NULL, '2025-09-14 01:06:29', '2025-09-14 01:06:40');
INSERT INTO rentals (id, device_id, start_date, end_date, ship_out_time, ship_in_time, customer_name, customer_phone, destination, ship_out_tracking_no, ship_in_tracking_no, status, parent_rental_id, created_at, updated_at) VALUES (32, 21, '2025-09-14', '2025-09-14', '2025-09-12 09:00:00', '2025-09-17 18:00:00', '王丽丽', '18603105099', '胡莹 18781502782
台湾省娜市清浦张家港路M座', '', '', 'not_shipped', NULL, '2025-09-14 01:07:32', '2025-09-14 01:07:50');
INSERT INTO rentals (id, device_id, start_date, end_date, ship_out_time, ship_in_time, customer_name, customer_phone, destination, ship_out_tracking_no, ship_in_tracking_no, status, parent_rental_id, created_at, updated_at) VALUES (33, 22, '2025-09-14', '2025-09-14', '2025-09-13 09:00:00', '2025-09-15 18:00:00', '刘琳', '15670252766', '陈华 13116647239
宁夏回族自治区洋县牧野李街H座', NULL, NULL, 'not_shipped', NULL, '2025-09-14 01:10:19', '2025-09-14 01:10:19');
INSERT INTO rentals (id, device_id, start_date, end_date, ship_out_time, ship_in_time, customer_name, customer_phone, destination, ship_out_tracking_no, ship_in_tracking_no, status, parent_rental_id, created_at, updated_at) VALUES (34, 23, '2025-09-14', '2025-09-14', '2025-09-12 09:00:00', '2025-09-17 18:00:00', '梁志强', '13130045501', '吴敏 13752087390
河北省上海县双滦巢湖路T座', '', '', 'not_shipped', NULL, '2025-09-14 01:11:03', '2025-09-14 01:11:09');
INSERT INTO rentals (id, device_id, start_date, end_date, ship_out_time, ship_in_time, customer_name, customer_phone, destination, ship_out_tracking_no, ship_in_tracking_no, status, parent_rental_id, created_at, updated_at) VALUES (35, 24, '2025-09-14', '2025-09-14', '2025-09-12 09:00:00', '2025-09-15 09:00:00', '唐欢', '13852342570', '吴桂芳 18904018153
澳门特别行政区沈阳县沈北新郭路S座', '', '', 'not_shipped', NULL, '2025-09-14 01:11:47', '2025-09-15 12:06:39');
INSERT INTO rentals (id, device_id, start_date, end_date, ship_out_time, ship_in_time, customer_name, customer_phone, destination, ship_out_tracking_no, ship_in_tracking_no, status, parent_rental_id, created_at, updated_at) VALUES (36, 25, '2025-09-14', '2025-09-15', '2025-09-12 09:00:00', '2025-09-16 18:00:00', '罗玉珍', '13892715429', '董霞 18728555311
广西壮族自治区桂香县淄川李路v座', '', '', 'not_shipped', NULL, '2025-09-14 01:12:43', '2025-09-16 12:08:57');
INSERT INTO rentals (id, device_id, start_date, end_date, ship_out_time, ship_in_time, customer_name, customer_phone, destination, ship_out_tracking_no, ship_in_tracking_no, status, parent_rental_id, created_at, updated_at) VALUES (37, 26, '2025-09-14', '2025-09-14', '2025-09-12 09:00:00', '2025-09-15 18:00:00', '马丽丽', '18019544688', '文淑珍 13051405134
河南省秀芳市怀柔上海路L座', '', '', 'not_shipped', NULL, '2025-09-14 01:13:25', '2025-09-15 12:05:54');
INSERT INTO rentals (id, device_id, start_date, end_date, ship_out_time, ship_in_time, customer_name, customer_phone, destination, ship_out_tracking_no, ship_in_tracking_no, status, parent_rental_id, created_at, updated_at) VALUES (38, 27, '2025-09-14', '2025-09-14', '2025-09-12 09:00:00', '2025-09-15 18:00:00', '王玉华', '14579219017', '李瑞 15782326361
青海省北京市清河邵路V座', '', '', 'not_shipped', NULL, '2025-09-14 01:13:59', '2025-09-15 14:08:00');
INSERT INTO rentals (id, device_id, start_date, end_date, ship_out_time, ship_in_time, customer_name, customer_phone, destination, ship_out_tracking_no, ship_in_tracking_no, status, parent_rental_id, created_at, updated_at) VALUES (39, 28, '2025-09-14', '2025-09-14', '2025-09-12 09:00:00', '2025-09-16 18:00:00', '倪淑兰', '15675927368', '何燕 15135461347
陕西省柳州市沈河齐齐哈尔街t座', NULL, NULL, 'not_shipped', NULL, '2025-09-14 01:14:30', '2025-09-14 01:14:30');
INSERT INTO rentals (id, device_id, start_date, end_date, ship_out_time, ship_in_time, customer_name, customer_phone, destination, ship_out_tracking_no, ship_in_tracking_no, status, parent_rental_id, created_at, updated_at) VALUES (40, 29, '2025-09-14', '2025-09-14', '2025-09-12 09:00:00', '2025-09-15 18:00:00', '黎荣', '15106487276', '何坤 15586690007
云南省合肥市普陀嘉禾路j座', '', '', 'not_shipped', NULL, '2025-09-14 01:15:25', '2025-09-14 01:15:35');
INSERT INTO rentals (id, device_id, start_date, end_date, ship_out_time, ship_in_time, customer_name, customer_phone, destination, ship_out_tracking_no, ship_in_tracking_no, status, parent_rental_id, created_at, updated_at) VALUES (41, 34, '2025-09-20', '2025-09-21', '2025-09-18 09:00:00', '2025-09-23 18:00:00', '张刚', '15701623667', '张萍 15645170093
江西省楠市南湖孙街W座', 'SF1557748202985', '', 'completed', NULL, '2025-09-14 01:16:48', '2025-09-29 04:13:44');
INSERT INTO rentals (id, device_id, start_date, end_date, ship_out_time, ship_in_time, customer_name, customer_phone, destination, ship_out_tracking_no, ship_in_tracking_no, status, parent_rental_id, created_at, updated_at) VALUES (42, 31, '2025-09-19', '2025-10-05', '2025-09-16 09:00:00', '2025-10-07 18:00:00', '许宇', '14510336419', '蔡桂兰 13629326571
云南省桂兰市龙潭香港街g座', '', '', 'returned', NULL, '2025-09-14 01:17:49', '2025-10-08 09:11:17');
INSERT INTO rentals (id, device_id, start_date, end_date, ship_out_time, ship_in_time, customer_name, customer_phone, destination, ship_out_tracking_no, ship_in_tracking_no, status, parent_rental_id, created_at, updated_at) VALUES (43, 27, '2025-09-18', '2025-09-19', '2025-09-17 09:00:00', '2025-09-20 18:00:00', '黎瑜', '18749356965', '罗东 13745822723
湖南省北京市清河王街C座', '', '', 'completed', NULL, '2025-09-14 01:18:33', '2025-09-29 04:13:00');
INSERT INTO rentals (id, device_id, start_date, end_date, ship_out_time, ship_in_time, customer_name, customer_phone, destination, ship_out_tracking_no, ship_in_tracking_no, status, parent_rental_id, created_at, updated_at) VALUES (44, 22, '2025-09-20', '2025-09-20', '2025-09-17 09:00:00', '2025-09-23 18:00:00', '刘畅', '13376000309', '郭飞 15788994710
湖北省广州市朝阳董街a座', '', '', 'completed', NULL, '2025-09-14 01:19:13', '2025-09-29 04:05:58');
INSERT INTO rentals (id, device_id, start_date, end_date, ship_out_time, ship_in_time, customer_name, customer_phone, destination, ship_out_tracking_no, ship_in_tracking_no, status, parent_rental_id, created_at, updated_at) VALUES (46, 20, '2025-09-19', '2025-09-20', '2025-09-16 09:00:00', '2025-09-23 18:00:00', '邵红梅', '13641789824', '王建 13332372819
浙江省雷县普陀蒋街x座', '', '', 'completed', NULL, '2025-09-14 01:21:47', '2025-09-29 04:04:19');
INSERT INTO rentals (id, device_id, start_date, end_date, ship_out_time, ship_in_time, customer_name, customer_phone, destination, ship_out_tracking_no, ship_in_tracking_no, status, parent_rental_id, created_at, updated_at) VALUES (49, 14, '2025-09-21', '2025-09-21', '2025-09-18 09:00:00', '2025-09-24 18:00:00', '孙云', '15117037448', '吕凤英 14767265874
安徽省建军县西峰陈街y座', 'SF1557748202949', '', 'completed', NULL, '2025-09-14 01:23:52', '2025-09-29 04:09:42');
INSERT INTO rentals (id, device_id, start_date, end_date, ship_out_time, ship_in_time, customer_name, customer_phone, destination, ship_out_tracking_no, ship_in_tracking_no, status, parent_rental_id, created_at, updated_at) VALUES (50, 13, '2025-09-20', '2025-09-22', '2025-09-18 09:00:00', '2025-09-25 18:00:00', '唐玉珍', '18804796741', '韩秀芳 15194592673
青海省重庆县滨城柳州街f座', 'SF1557748202930', '', 'completed', NULL, '2025-09-14 01:24:32', '2025-09-29 04:09:48');
INSERT INTO rentals (id, device_id, start_date, end_date, ship_out_time, ship_in_time, customer_name, customer_phone, destination, ship_out_tracking_no, ship_in_tracking_no, status, parent_rental_id, created_at, updated_at) VALUES (51, 12, '2025-09-20', '2025-09-21', '2025-09-17 09:00:00', '2025-09-24 18:00:00', '周小红', '13573302437', '王雪梅 15365437670
上海市梧州县安次刘街A座', '', '', 'completed', NULL, '2025-09-14 01:25:16', '2025-09-29 04:08:55');
INSERT INTO rentals (id, device_id, start_date, end_date, ship_out_time, ship_in_time, customer_name, customer_phone, destination, ship_out_tracking_no, ship_in_tracking_no, status, parent_rental_id, created_at, updated_at) VALUES (52, 11, '2025-09-21', '2025-09-21', '2025-09-19 09:00:00', '2025-09-23 18:00:00', '陈伟', '15648134094', '张冬梅 13925033701
贵州省平市滨城周街S座', '', '', 'completed', NULL, '2025-09-14 01:26:25', '2025-09-29 04:08:49');
INSERT INTO rentals (id, device_id, start_date, end_date, ship_out_time, ship_in_time, customer_name, customer_phone, destination, ship_out_tracking_no, ship_in_tracking_no, status, parent_rental_id, created_at, updated_at) VALUES (53, 9, '2025-09-20', '2025-09-21', '2025-09-18 09:00:00', '2025-09-24 18:00:00', '刘婷', '13779603939', '毛艳 13096271016
陕西省建军市金平合肥路i座', 'SF1557748202921', '', 'completed', NULL, '2025-09-14 02:04:05', '2025-09-29 04:08:36');
INSERT INTO rentals (id, device_id, start_date, end_date, ship_out_time, ship_in_time, customer_name, customer_phone, destination, ship_out_tracking_no, ship_in_tracking_no, status, parent_rental_id, created_at, updated_at) VALUES (54, 8, '2025-09-20', '2025-09-21', '2025-09-18 09:00:00', '2025-09-23 18:00:00', '陈秀英', '18650249757', '吕玉 15938370433
吉林省长春县海港何路k座', 'SF1557748202912', '', 'completed', NULL, '2025-09-14 02:05:27', '2025-09-29 04:07:21');
INSERT INTO rentals (id, device_id, start_date, end_date, ship_out_time, ship_in_time, customer_name, customer_phone, destination, ship_out_tracking_no, ship_in_tracking_no, status, parent_rental_id, created_at, updated_at) VALUES (55, 5, '2025-09-20', '2025-09-22', '2025-09-18 09:00:00', '2025-09-25 18:00:00', '陈莉', '13438505016', '田勇 18739342215
福建省沈阳县高坪袁街O座', 'SF1557748202903', '', 'completed', NULL, '2025-09-14 02:05:54', '2025-09-29 04:06:57');
INSERT INTO rentals (id, device_id, start_date, end_date, ship_out_time, ship_in_time, customer_name, customer_phone, destination, ship_out_tracking_no, ship_in_tracking_no, status, parent_rental_id, created_at, updated_at) VALUES (56, 4, '2025-09-20', '2025-09-21', '2025-09-17 09:00:00', '2025-09-24 18:00:00', '张建华', '13800824815', '孟玉华 15238753602
河北省璐县长寿皮路N座', '', '', 'completed', NULL, '2025-09-14 02:06:44', '2025-09-29 04:03:56');
INSERT INTO rentals (id, device_id, start_date, end_date, ship_out_time, ship_in_time, customer_name, customer_phone, destination, ship_out_tracking_no, ship_in_tracking_no, status, parent_rental_id, created_at, updated_at) VALUES (57, 3, '2025-09-19', '2025-09-19', '2025-09-16 09:00:00', '2025-09-22 18:00:00', '蒋桂英', '18036334736', '陈晨 15295218309
湖南省斌县和平大冶街k座', '', '', 'completed', NULL, '2025-09-14 02:07:40', '2025-09-29 04:06:47');
INSERT INTO rentals (id, device_id, start_date, end_date, ship_out_time, ship_in_time, customer_name, customer_phone, destination, ship_out_tracking_no, ship_in_tracking_no, status, parent_rental_id, created_at, updated_at) VALUES (58, 26, '2025-09-19', '2025-09-21', '2025-09-16 09:00:00', '2025-09-24 18:00:00', '黄雷', '15179803313', '陈凤兰 15039248305
西藏自治区婷婷市南长淮安路t座', '', '', 'completed', NULL, '2025-09-14 02:08:29', '2025-09-29 04:13:22');
INSERT INTO rentals (id, device_id, start_date, end_date, ship_out_time, ship_in_time, customer_name, customer_phone, destination, ship_out_tracking_no, ship_in_tracking_no, status, parent_rental_id, created_at, updated_at) VALUES (60, 15, '2025-09-27', '2025-09-28', '2025-09-25 09:00:00', '2025-09-30 18:00:00', '李雷', '15764225582', '史萍 15977760725
台湾省娜市大兴兴安盟路K座', 'SF1557748203177', '', 'completed', NULL, '2025-09-14 02:10:15', '2025-09-30 14:07:49');
INSERT INTO rentals (id, device_id, start_date, end_date, ship_out_time, ship_in_time, customer_name, customer_phone, destination, ship_out_tracking_no, ship_in_tracking_no, status, parent_rental_id, created_at, updated_at) VALUES (61, 21, '2025-10-04', '2025-10-09', '2025-10-01 09:00:00', '2025-10-12 18:00:00', '栗婷', '13332378784', '刘鹏 15039136548
湖南省明市清浦大冶路D座', '', '', 'shipped', NULL, '2025-09-14 02:10:58', '2025-09-29 03:20:55');
INSERT INTO rentals (id, device_id, start_date, end_date, ship_out_time, ship_in_time, customer_name, customer_phone, destination, ship_out_tracking_no, ship_in_tracking_no, status, parent_rental_id, created_at, updated_at) VALUES (62, 2, '2025-09-27', '2025-09-28', '2025-09-25 09:00:00', '2025-10-02 18:00:00', '符琳', '18843025885', '史凯 15853604143
云南省兴安盟县南湖刘路a座', 'SF1557715873825', '', 'completed', NULL, '2025-09-14 02:14:03', '2025-10-08 12:22:48');
INSERT INTO rentals (id, device_id, start_date, end_date, ship_out_time, ship_in_time, customer_name, customer_phone, destination, ship_out_tracking_no, ship_in_tracking_no, status, parent_rental_id, created_at, updated_at) VALUES (63, 3, '2025-09-26', '2025-09-28', '2025-09-23 09:00:00', '2025-09-29 18:00:00', '康丽娟', '13208876291', '李强 18288516629
安徽省潮州市萧山许街B座', '', '', 'completed', NULL, '2025-09-14 02:15:46', '2025-09-29 06:20:44');
INSERT INTO rentals (id, device_id, start_date, end_date, ship_out_time, ship_in_time, customer_name, customer_phone, destination, ship_out_tracking_no, ship_in_tracking_no, status, parent_rental_id, created_at, updated_at) VALUES (64, 21, '2025-09-27', '2025-09-29', '2025-09-23 09:00:00', '2025-10-01 18:00:00', '张博', '13694843086', '韩桂芝 13894729968
重庆市宇县崇文李路B座', '', '', 'completed', NULL, '2025-09-14 02:16:20', '2025-09-30 14:08:17');
INSERT INTO rentals (id, device_id, start_date, end_date, ship_out_time, ship_in_time, customer_name, customer_phone, destination, ship_out_tracking_no, ship_in_tracking_no, status, parent_rental_id, created_at, updated_at) VALUES (65, 20, '2025-09-27', '2025-09-27', '2025-09-24 09:00:00', '2025-09-29 18:00:00', '姚磊', '18505231971', '高雪梅 18758950952
上海市梅市普陀韩路D座', '', '', 'completed', NULL, '2025-09-14 02:17:27', '2025-09-29 07:24:27');
INSERT INTO rentals (id, device_id, start_date, end_date, ship_out_time, ship_in_time, customer_name, customer_phone, destination, ship_out_tracking_no, ship_in_tracking_no, status, parent_rental_id, created_at, updated_at) VALUES (66, 30, '2025-09-27', '2025-09-28', '2025-09-24 09:00:00', '2025-09-29 18:00:00', '刘玲', '15588481350', '童平 13708494934
辽宁省丽娟县西夏南宁路Q座', '', '', 'completed', NULL, '2025-09-14 02:22:01', '2025-09-29 06:06:01');
INSERT INTO rentals (id, device_id, start_date, end_date, ship_out_time, ship_in_time, customer_name, customer_phone, destination, ship_out_tracking_no, ship_in_tracking_no, status, parent_rental_id, created_at, updated_at) VALUES (67, 54, '2025-10-02', '2025-10-05', '2025-09-29 14:00:00', '2025-10-08 18:00:00', '林秀兰', '18874351528', '李玲 13959398634
四川省沈阳县门头沟嘉禾路O座', '', '', 'completed', NULL, '2025-09-14 02:22:39', '2025-10-07 15:43:54');
INSERT INTO rentals (id, device_id, start_date, end_date, ship_out_time, ship_in_time, customer_name, customer_phone, destination, ship_out_tracking_no, ship_in_tracking_no, status, parent_rental_id, created_at, updated_at) VALUES (68, 16, '2025-09-27', '2025-09-28', '2025-09-23 09:00:00', '2025-10-01 18:00:00', '蔡凯', '13176840863', '钟博 18099924481
甘肃省柳州市滨城王街i座', '', '', 'completed', NULL, '2025-09-14 02:23:46', '2025-09-30 05:43:11');
INSERT INTO rentals (id, device_id, start_date, end_date, ship_out_time, ship_in_time, customer_name, customer_phone, destination, ship_out_tracking_no, ship_in_tracking_no, status, parent_rental_id, created_at, updated_at) VALUES (69, 8, '2025-09-27', '2025-09-28', '2025-09-23 09:00:00', '2025-10-01 12:00:00', '赵洋', '18550331708', '许晶 15260252578
上海市龙县璧山林路k座', '', '', 'completed', NULL, '2025-09-14 02:24:43', '2025-10-01 08:36:35');
INSERT INTO rentals (id, device_id, start_date, end_date, ship_out_time, ship_in_time, customer_name, customer_phone, destination, ship_out_tracking_no, ship_in_tracking_no, status, parent_rental_id, created_at, updated_at) VALUES (70, 9, '2025-09-27', '2025-09-27', '2025-09-25 09:00:00', '2025-09-28 18:00:00', '刘雪梅', '13770662216', '虞丹 13593500410
上海市佳市南溪哈尔滨路x座', 'SF1557715873870', '', 'completed', NULL, '2025-09-14 02:25:25', '2025-09-29 02:26:41');
INSERT INTO rentals (id, device_id, start_date, end_date, ship_out_time, ship_in_time, customer_name, customer_phone, destination, ship_out_tracking_no, ship_in_tracking_no, status, parent_rental_id, created_at, updated_at) VALUES (71, 10, '2025-09-27', '2025-09-28', '2025-09-24 09:00:00', '2025-09-30 18:00:00', '孙桂英', '15281779778', '宋凤英 15526032857
贵州省红梅县安次杜街U座', '', 'SF0254351707098', 'completed', NULL, '2025-09-14 02:26:10', '2025-09-29 07:25:00');
INSERT INTO rentals (id, device_id, start_date, end_date, ship_out_time, ship_in_time, customer_name, customer_phone, destination, ship_out_tracking_no, ship_in_tracking_no, status, parent_rental_id, created_at, updated_at) VALUES (72, 11, '2025-09-27', '2025-09-28', '2025-09-24 09:00:00', '2025-09-30 18:00:00', '高凯', '13192047140', '马秀兰 13953435843
甘肃省成都县六枝特香港街B座', '', 'SF0259971218084', 'completed', NULL, '2025-09-14 02:27:00', '2025-09-29 06:20:54');
INSERT INTO rentals (id, device_id, start_date, end_date, ship_out_time, ship_in_time, customer_name, customer_phone, destination, ship_out_tracking_no, ship_in_tracking_no, status, parent_rental_id, created_at, updated_at) VALUES (73, 44, '2025-09-27', '2025-09-28', '2025-09-25 09:00:00', '2025-09-30 18:00:00', '刘瑜', '15039523315', '吴秀兰 13375483811
黑龙江省丽市城东孙路B座', 'SF1557715873904', 'SF0250991279083', 'completed', NULL, '2025-09-14 02:27:45', '2025-09-30 05:32:32');
INSERT INTO rentals (id, device_id, start_date, end_date, ship_out_time, ship_in_time, customer_name, customer_phone, destination, ship_out_tracking_no, ship_in_tracking_no, status, parent_rental_id, created_at, updated_at) VALUES (74, 12, '2025-09-27', '2025-09-27', '2025-09-25 09:00:00', '2025-09-29 18:00:00', '赵桂珍', '15217431421', '丁雷 13258690971
陕西省大冶县徐汇刘路O座', 'SF1557748203210', '', 'completed', NULL, '2025-09-14 02:28:37', '2025-09-29 02:26:02');
INSERT INTO rentals (id, device_id, start_date, end_date, ship_out_time, ship_in_time, customer_name, customer_phone, destination, ship_out_tracking_no, ship_in_tracking_no, status, parent_rental_id, created_at, updated_at) VALUES (75, 14, '2025-09-27', '2025-09-28', '2025-09-25 09:00:00', '2025-09-30 18:00:00', '张平', '18524032670', '惠辉 18140845080
广西壮族自治区萍市南长王路G座', '', 'SF1551153288906', 'completed', NULL, '2025-09-14 02:30:00', '2025-09-30 05:31:10');
INSERT INTO rentals (id, device_id, start_date, end_date, ship_out_time, ship_in_time, customer_name, customer_phone, destination, ship_out_tracking_no, ship_in_tracking_no, status, parent_rental_id, created_at, updated_at) VALUES (76, 28, '2025-10-03', '2025-10-03', '2025-09-29 14:00:00', '2025-10-06 18:00:00', '陈玉华', '18603891035', '戴宁 18104527346
甘肃省婷婷县黄浦李路x座', '', '', 'completed', NULL, '2025-09-14 02:31:27', '2025-10-08 00:19:22');
INSERT INTO rentals (id, device_id, start_date, end_date, ship_out_time, ship_in_time, customer_name, customer_phone, destination, ship_out_tracking_no, ship_in_tracking_no, status, parent_rental_id, created_at, updated_at) VALUES (78, 17, '2025-10-07', '2025-10-11', '2025-10-03 09:00:00', '2025-10-13 18:00:00', '钟凯', '18195716247', '陈玲 13895233053
香港特别行政区拉萨县上街拉萨街r座', '', '', 'shipped', NULL, '2025-09-14 02:36:09', '2025-10-03 02:15:58');
INSERT INTO rentals (id, device_id, start_date, end_date, ship_out_time, ship_in_time, customer_name, customer_phone, destination, ship_out_tracking_no, ship_in_tracking_no, status, parent_rental_id, created_at, updated_at) VALUES (80, 22, '2025-09-27', '2025-09-28', '2025-09-25 09:00:00', '2025-09-30 18:00:00', '庞红', '18069433897', '李华 14563515286
山西省汕尾市平山苏街A座', '', '', 'completed', NULL, '2025-09-14 02:39:59', '2025-09-29 12:49:17');
INSERT INTO rentals (id, device_id, start_date, end_date, ship_out_time, ship_in_time, customer_name, customer_phone, destination, ship_out_tracking_no, ship_in_tracking_no, status, parent_rental_id, created_at, updated_at) VALUES (81, 19, '2025-09-27', '2025-09-27', '2025-09-23 09:00:00', '2025-09-29 11:00:00', '张想', '14764887938', '张鑫 14543144000
北京市成都市徐汇合肥街V座', '', '', 'completed', NULL, '2025-09-14 02:41:35', '2025-09-29 08:09:06');
INSERT INTO rentals (id, device_id, start_date, end_date, ship_out_time, ship_in_time, customer_name, customer_phone, destination, ship_out_tracking_no, ship_in_tracking_no, status, parent_rental_id, created_at, updated_at) VALUES (82, 7, '2025-09-27', '2025-09-28', '2025-09-24 09:00:00', '2025-09-30 18:00:00', '贾春梅', '18871234454', '张慧 18906087463
天津市兰州市江北张街w座', '', '', 'completed', NULL, '2025-09-14 02:44:06', '2025-09-29 12:46:13');
INSERT INTO rentals (id, device_id, start_date, end_date, ship_out_time, ship_in_time, customer_name, customer_phone, destination, ship_out_tracking_no, ship_in_tracking_no, status, parent_rental_id, created_at, updated_at) VALUES (83, 28, '2025-09-27', '2025-09-28', '2025-09-25 09:00:00', '2025-09-28 18:00:00', '李林', '13612787835', '刘倩 13224537281
重庆市伟市蓟州哈尔滨路J座', 'SF1557715873940', '', 'completed', NULL, '2025-09-14 02:45:14', '2025-09-29 06:05:50');
INSERT INTO rentals (id, device_id, start_date, end_date, ship_out_time, ship_in_time, customer_name, customer_phone, destination, ship_out_tracking_no, ship_in_tracking_no, status, parent_rental_id, created_at, updated_at) VALUES (84, 1, '2025-09-27', '2025-09-30', '2025-09-25 09:00:00', '2025-10-02 18:00:00', '巴瑞', '13037714800', '李淑英 13361363088
湖北省巢湖县南溪杨路P座', 'SF1557715873959', '', 'completed', NULL, '2025-09-14 02:46:38', '2025-10-08 12:22:42');
INSERT INTO rentals (id, device_id, start_date, end_date, ship_out_time, ship_in_time, customer_name, customer_phone, destination, ship_out_tracking_no, ship_in_tracking_no, status, parent_rental_id, created_at, updated_at) VALUES (85, 26, '2025-09-27', '2025-09-28', '2025-09-25 09:00:00', '2025-10-02 18:00:00', '谢鹏', '13503850326', '方建国 15230491798
广东省台北市江北郑州路g座', 'SF1557715873959', '', 'shipped', NULL, '2025-09-14 02:48:08', '2025-09-29 01:25:02');
INSERT INTO rentals (id, device_id, start_date, end_date, ship_out_time, ship_in_time, customer_name, customer_phone, destination, ship_out_tracking_no, ship_in_tracking_no, status, parent_rental_id, created_at, updated_at) VALUES (87, 4, '2025-09-26', '2025-09-28', '2025-09-26 09:00:00', '2025-09-30 18:00:00', '戚辉', '13812415704', '刘秀云 14717389461
海南省银川市黄浦梧州路c座', '', '', 'completed', NULL, '2025-09-14 02:50:07', '2025-09-29 08:08:42');
INSERT INTO rentals (id, device_id, start_date, end_date, ship_out_time, ship_in_time, customer_name, customer_phone, destination, ship_out_tracking_no, ship_in_tracking_no, status, parent_rental_id, created_at, updated_at) VALUES (88, 6, '2025-09-27', '2025-09-28', '2025-09-23 09:00:00', '2025-09-30 18:00:00', '马兰英', '18097744522', '徐淑华 18975521752
宁夏回族自治区瑞市西峰合山街G座', '', '', 'completed', NULL, '2025-09-14 02:51:07', '2025-09-30 05:30:24');
INSERT INTO rentals (id, device_id, start_date, end_date, ship_out_time, ship_in_time, customer_name, customer_phone, destination, ship_out_tracking_no, ship_in_tracking_no, status, parent_rental_id, created_at, updated_at) VALUES (89, 18, '2025-09-27', '2025-09-30', '2025-09-25 09:00:00', '2025-10-01 18:00:00', '鲍佳', '18267097248', '王帅 13392398834
北京市春梅县白云朱街T座', 'SF1557715873977', '', 'completed', NULL, '2025-09-14 02:51:48', '2025-10-01 08:36:55');
INSERT INTO rentals (id, device_id, start_date, end_date, ship_out_time, ship_in_time, customer_name, customer_phone, destination, ship_out_tracking_no, ship_in_tracking_no, status, parent_rental_id, created_at, updated_at) VALUES (90, 25, '2025-09-27', '2025-09-28', '2025-09-25 09:00:00', '2025-09-29 12:00:00', '苏亮', '18692276713', '宋成 15652402352
湖北省婷婷市龙潭阎街R座', '', '', 'completed', NULL, '2025-09-14 02:52:23', '2025-09-29 06:05:38');
INSERT INTO rentals (id, device_id, start_date, end_date, ship_out_time, ship_in_time, customer_name, customer_phone, destination, ship_out_tracking_no, ship_in_tracking_no, status, parent_rental_id, created_at, updated_at) VALUES (91, 32, '2025-10-01', '2025-10-04', '2025-09-28 09:00:00', '2025-10-07 18:00:00', '刘桂花', '15151182831', '安秀梅 14529944589
黑龙江省六盘水县永川合山街c座', 'SF3281938871751', '', 'completed', NULL, '2025-09-14 02:53:03', '2025-10-07 15:46:01');
INSERT INTO rentals (id, device_id, start_date, end_date, ship_out_time, ship_in_time, customer_name, customer_phone, destination, ship_out_tracking_no, ship_in_tracking_no, status, parent_rental_id, created_at, updated_at) VALUES (92, 33, '2025-09-27', '2025-09-29', '2025-09-23 09:00:00', '2025-10-01 18:00:00', '卢海燕', '15839048801', '靳琴 14598291835
内蒙古自治区丽华市六枝特李街Q座', '', '', 'completed', NULL, '2025-09-14 02:54:16', '2025-09-30 05:35:00');
INSERT INTO rentals (id, device_id, start_date, end_date, ship_out_time, ship_in_time, customer_name, customer_phone, destination, ship_out_tracking_no, ship_in_tracking_no, status, parent_rental_id, created_at, updated_at) VALUES (93, 27, '2025-09-26', '2025-09-28', '2025-09-23 09:00:00', '2025-10-01 18:00:00', '刘芳', '13529473869', '贾海燕 13211089348
甘肃省红霞市大东郭街P座', '', '', 'completed', NULL, '2025-09-14 02:55:08', '2025-09-30 14:07:28');
INSERT INTO rentals (id, device_id, start_date, end_date, ship_out_time, ship_in_time, customer_name, customer_phone, destination, ship_out_tracking_no, ship_in_tracking_no, status, parent_rental_id, created_at, updated_at) VALUES (94, 13, '2025-09-29', '2025-10-08', '2025-09-27 09:00:00', '2025-10-10 18:00:00', '韦建', '15196391021', '李玉珍 13171035684
台湾省雷市大东荆门路o座', 'SF1557748203229', '', 'returned', NULL, '2025-09-14 02:57:35', '2025-10-09 13:23:36');
INSERT INTO rentals (id, device_id, start_date, end_date, ship_out_time, ship_in_time, customer_name, customer_phone, destination, ship_out_tracking_no, ship_in_tracking_no, status, parent_rental_id, created_at, updated_at) VALUES (96, 29, '2025-09-25', '2025-10-08', '2025-09-23 09:00:00', '2025-10-10 18:00:00', '陆璐', '15357954807', '赵慧 18672810371
陕西省萍县沙市郑州街L座', '', '', 'shipped', NULL, '2025-09-14 02:59:40', '2025-09-29 01:25:57');
INSERT INTO rentals (id, device_id, start_date, end_date, ship_out_time, ship_in_time, customer_name, customer_phone, destination, ship_out_tracking_no, ship_in_tracking_no, status, parent_rental_id, created_at, updated_at) VALUES (97, 28, '2025-10-11', '2025-10-12', '2025-10-09 09:00:00', '2025-10-14 18:00:00', '杨桂芝', '13908218193', '蔡军 13921181272
广东省雪县金平吴街u座', '', '', 'shipped', NULL, '2025-09-14 03:01:21', '2025-10-08 01:57:53');
INSERT INTO rentals (id, device_id, start_date, end_date, ship_out_time, ship_in_time, customer_name, customer_phone, destination, ship_out_tracking_no, ship_in_tracking_no, status, parent_rental_id, created_at, updated_at) VALUES (98, 25, '2025-09-19', '2025-09-21', '2025-09-17 09:00:00', '2025-09-23 18:00:00', '敖军', '13048253908', '黄东 15666787863
重庆市军县徐汇福州路W座', '', '', 'completed', NULL, '2025-09-14 03:05:05', '2025-09-29 04:13:16');
INSERT INTO rentals (id, device_id, start_date, end_date, ship_out_time, ship_in_time, customer_name, customer_phone, destination, ship_out_tracking_no, ship_in_tracking_no, status, parent_rental_id, created_at, updated_at) VALUES (99, 18, '2025-09-21', '2025-09-21', '2025-09-19 09:00:00', '2025-09-23 18:00:00', '刘宇', '13179412140', '牛建国 13473385551
吉林省大冶市孝南詹路v座', '', '', 'completed', NULL, '2025-09-14 03:06:51', '2025-09-29 04:09:21');
INSERT INTO rentals (id, device_id, start_date, end_date, ship_out_time, ship_in_time, customer_name, customer_phone, destination, ship_out_tracking_no, ship_in_tracking_no, status, parent_rental_id, created_at, updated_at) VALUES (100, 10, '2025-09-20', '2025-09-20', '2025-09-17 09:00:00', '2025-09-23 18:00:00', '夏波', '18687207269', '马玉梅 15876477994
四川省齐齐哈尔市普陀潜江街I座', '', '', 'completed', NULL, '2025-09-14 03:10:00', '2025-09-29 04:08:42');
INSERT INTO rentals (id, device_id, start_date, end_date, ship_out_time, ship_in_time, customer_name, customer_phone, destination, ship_out_tracking_no, ship_in_tracking_no, status, parent_rental_id, created_at, updated_at) VALUES (101, 35, '2025-09-20', '2025-09-21', '2025-09-17 09:00:00', '2025-09-24 18:00:00', '程峰', '15162956100', '方彬 13502815490
宁夏回族自治区云县魏都刘路p座', NULL, NULL, 'completed', 51, '2025-09-14 10:44:18', '2025-09-29 04:08:55');
INSERT INTO rentals (id, device_id, start_date, end_date, ship_out_time, ship_in_time, customer_name, customer_phone, destination, ship_out_tracking_no, ship_in_tracking_no, status, parent_rental_id, created_at, updated_at) VALUES (102, 29, '2025-09-19', '2025-09-19', '2025-09-16 09:00:00', '2025-09-22 18:00:00', '李想', '14577128238', '何红霞 15260929740
辽宁省莉县浔阳毛街s座', '', '', 'completed', NULL, '2025-09-14 15:05:46', '2025-09-29 04:13:07');
INSERT INTO rentals (id, device_id, start_date, end_date, ship_out_time, ship_in_time, customer_name, customer_phone, destination, ship_out_tracking_no, ship_in_tracking_no, status, parent_rental_id, created_at, updated_at) VALUES (104, 35, '2025-10-01', '2025-10-04', '2025-09-28 09:00:00', '2025-10-07 18:00:00', '高金凤', '18171773904', '乔旭 13572713404
贵州省南宁县萧山惠州街Z座', NULL, NULL, 'completed', 91, '2025-09-14 15:08:08', '2025-10-07 15:46:01');
INSERT INTO rentals (id, device_id, start_date, end_date, ship_out_time, ship_in_time, customer_name, customer_phone, destination, ship_out_tracking_no, ship_in_tracking_no, status, parent_rental_id, created_at, updated_at) VALUES (105, 36, '2025-09-27', '2025-09-29', '2025-09-25 09:00:00', '2025-10-01 18:00:00', '蒋宁', '18620647060', '郑秀英 13605701971
西藏自治区健县双滦呼和浩特街m座', NULL, NULL, 'completed', 89, '2025-09-14 15:09:22', '2025-10-01 08:36:55');
INSERT INTO rentals (id, device_id, start_date, end_date, ship_out_time, ship_in_time, customer_name, customer_phone, destination, ship_out_tracking_no, ship_in_tracking_no, status, parent_rental_id, created_at, updated_at) VALUES (106, 27, '2025-10-05', '2025-10-06', '2025-10-02 09:00:00', '2025-10-09 18:00:00', '蔡萍', '18044675211', '张娜 15069328043
贵州省成都县怀柔张街f座', '', '', 'returned', NULL, '2025-09-15 03:25:58', '2025-10-10 04:17:01');
INSERT INTO rentals (id, device_id, start_date, end_date, ship_out_time, ship_in_time, customer_name, customer_phone, destination, ship_out_tracking_no, ship_in_tracking_no, status, parent_rental_id, created_at, updated_at) VALUES (107, 16, '2025-09-20', '2025-09-20', '2025-09-18 09:00:00', '2025-09-22 18:00:00', '潘岩', '15081148960', '邝帅 13377927739
辽宁省西宁县平山刘路W座', 'SF1557748202967', '', 'completed', NULL, '2025-09-15 03:27:50', '2025-09-29 04:04:09');
INSERT INTO rentals (id, device_id, start_date, end_date, ship_out_time, ship_in_time, customer_name, customer_phone, destination, ship_out_tracking_no, ship_in_tracking_no, status, parent_rental_id, created_at, updated_at) VALUES (108, 9, '2025-10-02', '2025-10-06', '2025-09-29 09:00:00', '2025-10-09 18:00:00', '谈婷婷', '18085249305', '郭金凤 15521586380
宁夏回族自治区六安市黄浦孙街N座', '', '', 'completed', NULL, '2025-09-15 03:32:38', '2025-10-09 13:21:30');
INSERT INTO rentals (id, device_id, start_date, end_date, ship_out_time, ship_in_time, customer_name, customer_phone, destination, ship_out_tracking_no, ship_in_tracking_no, status, parent_rental_id, created_at, updated_at) VALUES (111, 28, '2025-09-20', '2025-09-22', '2025-09-17 09:00:00', '2025-09-25 18:00:00', '沈亮', '15508336255', '黄敏 18735948574
广东省丽县兴山南昌路s座', '', '', 'completed', NULL, '2025-09-15 03:57:43', '2025-09-29 04:12:54');
INSERT INTO rentals (id, device_id, start_date, end_date, ship_out_time, ship_in_time, customer_name, customer_phone, destination, ship_out_tracking_no, ship_in_tracking_no, status, parent_rental_id, created_at, updated_at) VALUES (112, 32, '2025-09-19', '2025-09-23', '2025-09-16 09:00:00', '2025-09-27 18:00:00', '李彬', '15669605330', '陆桂香 13582245469
山东省香港市闵行太原路j座', '', '', 'completed', NULL, '2025-09-15 06:45:10', '2025-09-29 04:13:32');
INSERT INTO rentals (id, device_id, start_date, end_date, ship_out_time, ship_in_time, customer_name, customer_phone, destination, ship_out_tracking_no, ship_in_tracking_no, status, parent_rental_id, created_at, updated_at) VALUES (115, 17, '2025-09-19', '2025-09-19', '2025-09-17 09:00:00', '2025-09-21 18:00:00', '沈强', '15200012459', '黄坤 18850747547
江苏省深圳县吉区赵路Z座', '', '', 'completed', NULL, '2025-09-15 08:18:48', '2025-09-29 04:09:28');
INSERT INTO rentals (id, device_id, start_date, end_date, ship_out_time, ship_in_time, customer_name, customer_phone, destination, ship_out_tracking_no, ship_in_tracking_no, status, parent_rental_id, created_at, updated_at) VALUES (116, 17, '2025-09-26', '2025-09-29', '2025-09-23 09:00:00', '2025-10-02 18:00:00', '聂建', '13999055908', '张淑英 13967634270
甘肃省重庆市涪城王路g座', '', '', 'completed', NULL, '2025-09-15 09:23:03', '2025-09-30 14:07:59');
INSERT INTO rentals (id, device_id, start_date, end_date, ship_out_time, ship_in_time, customer_name, customer_phone, destination, ship_out_tracking_no, ship_in_tracking_no, status, parent_rental_id, created_at, updated_at) VALUES (117, 42, '2025-09-26', '2025-09-29', '2025-09-23 09:00:00', '2025-10-02 18:00:00', '刘博', '15224681811', '谭秀荣 18564920005
重庆市成都市长寿六安路J座', NULL, NULL, 'completed', 116, '2025-09-15 09:23:40', '2025-09-30 14:07:59');
INSERT INTO rentals (id, device_id, start_date, end_date, ship_out_time, ship_in_time, customer_name, customer_phone, destination, ship_out_tracking_no, ship_in_tracking_no, status, parent_rental_id, created_at, updated_at) VALUES (118, 15, '2025-10-03', '2025-10-06', '2025-10-01 09:00:00', '2025-10-08 18:00:00', '蔡雪', '18084933468', '李冬梅 15172100925
河北省刚县金平太原街T座', '', '', 'completed', NULL, '2025-09-15 09:27:16', '2025-10-09 06:27:26');
INSERT INTO rentals (id, device_id, start_date, end_date, ship_out_time, ship_in_time, customer_name, customer_phone, destination, ship_out_tracking_no, ship_in_tracking_no, status, parent_rental_id, created_at, updated_at) VALUES (120, 19, '2025-09-20', '2025-09-21', '2025-09-18 09:00:00', '2025-09-23 18:00:00', '孙俊', '13272577565', '刘龙 15142465079
山东省丹丹县涪城叶街V座', 'SF1557748202976', '', 'completed', NULL, '2025-09-15 10:02:38', '2025-09-29 04:09:15');
INSERT INTO rentals (id, device_id, start_date, end_date, ship_out_time, ship_in_time, customer_name, customer_phone, destination, ship_out_tracking_no, ship_in_tracking_no, status, parent_rental_id, created_at, updated_at) VALUES (121, 23, '2025-09-21', '2025-09-21', '2025-09-19 09:00:00', '2025-09-23 18:00:00', '黄红梅', '15764530685', '欧丹 13146071975
澳门特别行政区济南市崇文长沙路V座', '', '', 'completed', NULL, '2025-09-15 10:08:18', '2025-09-29 04:06:06');
INSERT INTO rentals (id, device_id, start_date, end_date, ship_out_time, ship_in_time, customer_name, customer_phone, destination, ship_out_tracking_no, ship_in_tracking_no, status, parent_rental_id, created_at, updated_at) VALUES (122, 37, '2025-09-21', '2025-09-21', '2025-09-19 09:00:00', '2025-09-23 18:00:00', '杨杰', '18021568833', '马秀珍 18120298281
云南省秀珍市怀柔潮州街n座', NULL, NULL, 'completed', 121, '2025-09-15 10:08:18', '2025-09-29 04:06:06');
INSERT INTO rentals (id, device_id, start_date, end_date, ship_out_time, ship_in_time, customer_name, customer_phone, destination, ship_out_tracking_no, ship_in_tracking_no, status, parent_rental_id, created_at, updated_at) VALUES (123, 1, '2025-11-06', '2025-11-12', '2025-11-03 09:00:00', '2025-11-15 18:00:00', '黄丽娟', '14514036682', '蒋芳 18694250486
江西省合肥市闵行银川街W座', NULL, NULL, 'not_shipped', NULL, '2025-09-15 11:18:55', '2025-09-15 11:18:55');
INSERT INTO rentals (id, device_id, start_date, end_date, ship_out_time, ship_in_time, customer_name, customer_phone, destination, ship_out_tracking_no, ship_in_tracking_no, status, parent_rental_id, created_at, updated_at) VALUES (124, 24, '2025-09-19', '2025-09-20', '2025-09-16 09:00:00', '2025-09-23 18:00:00', '缪利', '13412867919', '沈宇 18565471598
山西省昆明市沙市邯郸街L座', '', '', 'completed', NULL, '2025-09-15 12:08:35', '2025-09-29 04:10:02');
INSERT INTO rentals (id, device_id, start_date, end_date, ship_out_time, ship_in_time, customer_name, customer_phone, destination, ship_out_tracking_no, ship_in_tracking_no, status, parent_rental_id, created_at, updated_at) VALUES (125, 19, '2025-10-01', '2025-10-10', '2025-09-29 09:00:00', '2025-10-12 18:00:00', '陈燕', '13629773572', '廖萍 14550373631
广东省桂英县安次黄路l座', '', '', 'returned', NULL, '2025-09-15 13:49:14', '2025-10-11 09:58:52');
INSERT INTO rentals (id, device_id, start_date, end_date, ship_out_time, ship_in_time, customer_name, customer_phone, destination, ship_out_tracking_no, ship_in_tracking_no, status, parent_rental_id, created_at, updated_at) VALUES (126, 37, '2025-10-01', '2025-10-10', '2025-09-29 09:00:00', '2025-10-12 18:00:00', '刘琳', '18268224606', '周红 18599981494
安徽省欢市清河萧路w座', NULL, NULL, 'returned', 125, '2025-09-15 13:49:14', '2025-10-11 09:58:52');
INSERT INTO rentals (id, device_id, start_date, end_date, ship_out_time, ship_in_time, customer_name, customer_phone, destination, ship_out_tracking_no, ship_in_tracking_no, status, parent_rental_id, created_at, updated_at) VALUES (127, 1, '2025-09-21', '2025-09-21', '2025-09-18 09:00:00', '2025-09-24 18:00:00', '田彬', '18746350242', '郭军 14707578499
宁夏回族自治区南宁县秀英辛集路q座', 'SF1557748202897', '', 'completed', NULL, '2025-09-16 01:38:37', '2025-09-29 04:06:31');
INSERT INTO rentals (id, device_id, start_date, end_date, ship_out_time, ship_in_time, customer_name, customer_phone, destination, ship_out_tracking_no, ship_in_tracking_no, status, parent_rental_id, created_at, updated_at) VALUES (128, 38, '2025-09-21', '2025-09-21', '2025-09-19 09:00:00', '2025-09-23 18:00:00', '黄帆', '14791819747', '张丽 15705429934
吉林省南京市房山兴安盟路I座', NULL, NULL, 'completed', 127, '2025-09-16 01:38:58', '2025-09-29 04:06:31');
INSERT INTO rentals (id, device_id, start_date, end_date, ship_out_time, ship_in_time, customer_name, customer_phone, destination, ship_out_tracking_no, ship_in_tracking_no, status, parent_rental_id, created_at, updated_at) VALUES (129, 2, '2025-09-19', '2025-09-22', '2025-09-17 09:00:00', '2025-09-24 18:00:00', '包欣', '15819753190', '凌浩 18696494538
湖南省兴安盟县高明龙街u座', '', '', 'completed', NULL, '2025-09-16 05:44:59', '2025-09-29 04:06:41');
INSERT INTO rentals (id, device_id, start_date, end_date, ship_out_time, ship_in_time, customer_name, customer_phone, destination, ship_out_tracking_no, ship_in_tracking_no, status, parent_rental_id, created_at, updated_at) VALUES (130, 6, '2025-09-20', '2025-09-20', '2025-09-17 09:00:00', '2025-09-22 18:00:00', '袁红霞', '18895824393', '马柳 13689695154
云南省淑英县涪城林路G座', '', '', 'completed', NULL, '2025-09-16 06:15:46', '2025-09-29 04:03:48');
INSERT INTO rentals (id, device_id, start_date, end_date, ship_out_time, ship_in_time, customer_name, customer_phone, destination, ship_out_tracking_no, ship_in_tracking_no, status, parent_rental_id, created_at, updated_at) VALUES (131, 7, '2025-09-21', '2025-09-21', '2025-09-19 09:00:00', '2025-09-23 18:00:00', '陈玉英', '18167544445', '崔宁 18842414593
内蒙古自治区亮县永川六安路n座', '', '', 'completed', NULL, '2025-09-16 06:19:01', '2025-09-29 04:07:04');
INSERT INTO rentals (id, device_id, start_date, end_date, ship_out_time, ship_in_time, customer_name, customer_phone, destination, ship_out_tracking_no, ship_in_tracking_no, status, parent_rental_id, created_at, updated_at) VALUES (132, 34, '2025-09-26', '2025-10-06', '2025-09-24 09:00:00', '2025-10-08 18:00:00', '方东', '13302679177', '李超 13676713604
内蒙古自治区南京县高明宁德路U座', 'SF1557748203201', '', 'shipped', NULL, '2025-09-16 08:41:09', '2025-09-29 01:27:12');
INSERT INTO rentals (id, device_id, start_date, end_date, ship_out_time, ship_in_time, customer_name, customer_phone, destination, ship_out_tracking_no, ship_in_tracking_no, status, parent_rental_id, created_at, updated_at) VALUES (133, 38, '2025-09-26', '2025-10-06', '2025-09-24 09:00:00', '2025-10-08 18:00:00', '刘春梅', '18266819543', '任志强 14564132019
台湾省浩县淄川宜都街Q座', NULL, NULL, 'shipped', 132, '2025-09-16 08:41:09', '2025-09-29 01:27:12');
INSERT INTO rentals (id, device_id, start_date, end_date, ship_out_time, ship_in_time, customer_name, customer_phone, destination, ship_out_tracking_no, ship_in_tracking_no, status, parent_rental_id, created_at, updated_at) VALUES (134, 39, '2025-09-20', '2025-09-21', '2025-09-18 09:00:00', '2025-09-23 18:00:00', '吴建华', '13305900644', '方娟 13212694621
广东省燕县海港西安路W座', NULL, NULL, 'completed', 54, '2025-09-16 09:17:30', '2025-09-29 04:07:21');
INSERT INTO rentals (id, device_id, start_date, end_date, ship_out_time, ship_in_time, customer_name, customer_phone, destination, ship_out_tracking_no, ship_in_tracking_no, status, parent_rental_id, created_at, updated_at) VALUES (135, 21, '2025-09-20', '2025-09-20', '2025-09-18 09:00:00', '2025-09-22 18:00:00', '吴玉梅', '15511474539', '任倩 13148437454
云南省旭县西夏沈路K座', 'SF1557748202994', '', 'completed', NULL, '2025-09-16 11:46:29', '2025-09-29 04:04:25');
INSERT INTO rentals (id, device_id, start_date, end_date, ship_out_time, ship_in_time, customer_name, customer_phone, destination, ship_out_tracking_no, ship_in_tracking_no, status, parent_rental_id, created_at, updated_at) VALUES (136, 15, '2025-09-21', '2025-09-22', '2025-09-17 09:00:00', '2025-09-24 18:00:00', '曲玉', '14589857461', '李云 14509115590
北京市建平市安次太原街K座', '', '', 'completed', NULL, '2025-09-17 01:42:10', '2025-09-29 04:03:41');
INSERT INTO rentals (id, device_id, start_date, end_date, ship_out_time, ship_in_time, customer_name, customer_phone, destination, ship_out_tracking_no, ship_in_tracking_no, status, parent_rental_id, created_at, updated_at) VALUES (137, 33, '2025-09-21', '2025-09-21', '2025-09-19 09:00:00', '2025-09-23 18:00:00', '何浩', '13680397347', '阮秀华 15358243592
广西壮族自治区红霞市平山左路R座', '', '', 'completed', NULL, '2025-09-17 02:29:51', '2025-09-29 04:13:39');
INSERT INTO rentals (id, device_id, start_date, end_date, ship_out_time, ship_in_time, customer_name, customer_phone, destination, ship_out_tracking_no, ship_in_tracking_no, status, parent_rental_id, created_at, updated_at) VALUES (138, 4, '2025-10-03', '2025-10-08', '2025-10-01 09:00:00', '2025-10-10 18:00:00', '赵建', '13056620072', '罗桂花 15784415852
宁夏回族自治区武汉市牧野海口路T座', '', '', 'shipped', NULL, '2025-09-17 03:22:50', '2025-09-29 12:48:00');
INSERT INTO rentals (id, device_id, start_date, end_date, ship_out_time, ship_in_time, customer_name, customer_phone, destination, ship_out_tracking_no, ship_in_tracking_no, status, parent_rental_id, created_at, updated_at) VALUES (139, 12, '2025-10-01', '2025-10-01', '2025-09-29 09:00:00', '2025-10-03 18:00:00', '许玉华', '14527490603', '许桂英 15050857645
西藏自治区莹市大兴宜都路H座', '', '', 'completed', NULL, '2025-09-17 04:10:37', '2025-10-09 14:00:33');
INSERT INTO rentals (id, device_id, start_date, end_date, ship_out_time, ship_in_time, customer_name, customer_phone, destination, ship_out_tracking_no, ship_in_tracking_no, status, parent_rental_id, created_at, updated_at) VALUES (144, 41, '2025-10-03', '2025-10-08', '2025-10-01 09:00:00', '2025-10-10 18:00:00', '刘静', '15164095576', '王雪梅 13446547822
云南省超县东丽周路q座', NULL, NULL, 'shipped', 138, '2025-09-17 10:48:08', '2025-09-29 12:48:00');
INSERT INTO rentals (id, device_id, start_date, end_date, ship_out_time, ship_in_time, customer_name, customer_phone, destination, ship_out_tracking_no, ship_in_tracking_no, status, parent_rental_id, created_at, updated_at) VALUES (145, 44, '2025-09-21', '2025-09-22', '2025-09-19 09:00:00', '2025-09-24 18:00:00', '童荣', '15922263372', '郝淑华 13851152567
广西壮族自治区郑州市金平王街v座', 'SF1557748203186', '', 'completed', NULL, '2025-09-18 06:02:53', '2025-09-29 04:06:13');
INSERT INTO rentals (id, device_id, start_date, end_date, ship_out_time, ship_in_time, customer_name, customer_phone, destination, ship_out_tracking_no, ship_in_tracking_no, status, parent_rental_id, created_at, updated_at) VALUES (146, 6, '2025-10-04', '2025-10-06', '2025-10-01 09:00:00', '2025-10-09 18:00:00', '李红霞', '15620959665', '温志强 13510159768
安徽省建军县新城刘路g座', '', '', 'completed', NULL, '2025-09-18 06:17:43', '2025-10-08 09:11:37');
INSERT INTO rentals (id, device_id, start_date, end_date, ship_out_time, ship_in_time, customer_name, customer_phone, destination, ship_out_tracking_no, ship_in_tracking_no, status, parent_rental_id, created_at, updated_at) VALUES (149, 23, '2025-09-26', '2025-09-28', '2025-09-24 09:00:00', '2025-09-30 18:00:00', '戴洋', '18602723993', '李华 18139066644
重庆市勇县安次刘街L座', '', '', 'completed', NULL, '2025-09-19 06:07:24', '2025-09-30 05:44:10');
INSERT INTO rentals (id, device_id, start_date, end_date, ship_out_time, ship_in_time, customer_name, customer_phone, destination, ship_out_tracking_no, ship_in_tracking_no, status, parent_rental_id, created_at, updated_at) VALUES (153, 53, '2025-10-02', '2025-10-07', '2025-09-29 09:00:00', '2025-10-10 18:00:00', '利萍', '18635872035', '安玉珍 15512581835
吉林省浩市萧山管路V座', 'SF3281448734530', '', 'shipped', NULL, '2025-09-22 01:11:08', '2025-09-29 06:20:21');
INSERT INTO rentals (id, device_id, start_date, end_date, ship_out_time, ship_in_time, customer_name, customer_phone, destination, ship_out_tracking_no, ship_in_tracking_no, status, parent_rental_id, created_at, updated_at) VALUES (154, 10, '2025-10-03', '2025-10-03', '2025-09-30 09:00:00', '2025-10-06 18:00:00', '沈瑞', '15967043558', '郭成 15869408508
湖北省倩市牧野哈尔滨路O座', 'SF0254351707098', '', 'completed', NULL, '2025-09-22 03:47:56', '2025-10-06 04:21:44');
INSERT INTO rentals (id, device_id, start_date, end_date, ship_out_time, ship_in_time, customer_name, customer_phone, destination, ship_out_tracking_no, ship_in_tracking_no, status, parent_rental_id, created_at, updated_at) VALUES (155, 24, '2025-10-02', '2025-10-03', '2025-09-29 09:00:00', '2025-10-06 18:00:00', '王晶', '15026914885', '廖洁 18128624906
安徽省银川市大东汕尾街V座', '', '', 'completed', NULL, '2025-09-22 03:54:49', '2025-10-09 13:23:00');
INSERT INTO rentals (id, device_id, start_date, end_date, ship_out_time, ship_in_time, customer_name, customer_phone, destination, ship_out_tracking_no, ship_in_tracking_no, status, parent_rental_id, created_at, updated_at) VALUES (156, 7, '2025-10-05', '2025-10-05', '2025-10-02 09:00:00', '2025-10-08 18:00:00', '郑文', '15629561108', '卜丽华 13336373132
西藏自治区潮州县崇文陈街E座', '', '', 'completed', NULL, '2025-09-23 08:08:45', '2025-10-08 09:11:47');
INSERT INTO rentals (id, device_id, start_date, end_date, ship_out_time, ship_in_time, customer_name, customer_phone, destination, ship_out_tracking_no, ship_in_tracking_no, status, parent_rental_id, created_at, updated_at) VALUES (158, 11, '2025-10-03', '2025-10-05', '2025-09-30 09:00:00', '2025-10-08 18:00:00', '高佳', '14784130090', '孙桂英 13695099383
贵州省福州县海港王街W座', 'SF0259971218084', '', 'completed', NULL, '2025-09-23 08:50:30', '2025-10-08 01:43:33');
INSERT INTO rentals (id, device_id, start_date, end_date, ship_out_time, ship_in_time, customer_name, customer_phone, destination, ship_out_tracking_no, ship_in_tracking_no, status, parent_rental_id, created_at, updated_at) VALUES (160, 16, '2025-10-03', '2025-10-06', '2025-10-01 09:00:00', '2025-10-08 18:00:00', '冯阳', '18822650119', '吴秀云 18595973027
辽宁省俊县清浦西安街u座', '', '', 'returned', NULL, '2025-09-24 04:10:20', '2025-10-08 01:43:14');
INSERT INTO rentals (id, device_id, start_date, end_date, ship_out_time, ship_in_time, customer_name, customer_phone, destination, ship_out_tracking_no, ship_in_tracking_no, status, parent_rental_id, created_at, updated_at) VALUES (163, 33, '2025-10-06', '2025-10-07', '2025-10-03 09:00:00', '2025-10-10 18:00:00', '华秀华', '13747962594', '徐瑜 13293717515
河南省沈阳市高明北京街S座', '', '', 'completed', NULL, '2025-09-24 10:28:08', '2025-10-10 11:02:32');
INSERT INTO rentals (id, device_id, start_date, end_date, ship_out_time, ship_in_time, customer_name, customer_phone, destination, ship_out_tracking_no, ship_in_tracking_no, status, parent_rental_id, created_at, updated_at) VALUES (165, 3, '2025-10-02', '2025-10-06', '2025-09-30 09:00:00', '2025-10-08 18:00:00', '方楠', '13472375330', '喻秀兰 15250323914
重庆市海燕县六枝特魏街M座', 'SF0259051341087', '', 'completed', NULL, '2025-09-25 12:12:11', '2025-10-10 00:17:27');
INSERT INTO rentals (id, device_id, start_date, end_date, ship_out_time, ship_in_time, customer_name, customer_phone, destination, ship_out_tracking_no, ship_in_tracking_no, status, parent_rental_id, created_at, updated_at) VALUES (168, 22, '2025-10-04', '2025-10-06', '2025-10-01 09:00:00', '2025-10-09 18:00:00', '龙凯', '15086586247', '汪旭 14563289823
天津市贵阳县吉区任路l座', '', '', 'completed', NULL, '2025-09-26 03:51:02', '2025-10-09 13:23:16');
INSERT INTO rentals (id, device_id, start_date, end_date, ship_out_time, ship_in_time, customer_name, customer_phone, destination, ship_out_tracking_no, ship_in_tracking_no, status, parent_rental_id, created_at, updated_at) VALUES (169, 1, '2025-10-05', '2025-10-07', '2025-10-03 09:00:00', '2025-10-09 18:00:00', '张海燕', '15822044418', '张丹丹 18548187756
山西省南京市高坪吴街m座', '', '', 'completed', NULL, '2025-09-26 03:52:51', '2025-10-10 03:07:56');
INSERT INTO rentals (id, device_id, start_date, end_date, ship_out_time, ship_in_time, customer_name, customer_phone, destination, ship_out_tracking_no, ship_in_tracking_no, status, parent_rental_id, created_at, updated_at) VALUES (171, 45, '2025-10-01', '2025-10-09', '2025-09-28 09:00:00', '2025-10-12 18:00:00', '张玲', '18820353919', '关莹 18015661502
湖北省红县永川佛山路n座', 'SF1557748203256', '', 'completed', NULL, '2025-09-26 03:57:55', '2025-10-11 09:56:32');
INSERT INTO rentals (id, device_id, start_date, end_date, ship_out_time, ship_in_time, customer_name, customer_phone, destination, ship_out_tracking_no, ship_in_tracking_no, status, parent_rental_id, created_at, updated_at) VALUES (172, 5, '2025-09-30', '2025-10-02', '2025-09-26 09:00:00', '2025-10-06 18:00:00', '李霞', '18877479577', '陈斌 18263044157
新疆维吾尔自治区柳州县永川徐路m座', '', '', 'completed', NULL, '2025-09-26 04:02:38', '2025-10-06 04:19:10');
INSERT INTO rentals (id, device_id, start_date, end_date, ship_out_time, ship_in_time, customer_name, customer_phone, destination, ship_out_tracking_no, ship_in_tracking_no, status, parent_rental_id, created_at, updated_at) VALUES (173, 40, '2025-10-01', '2025-10-09', '2025-09-28 09:00:00', '2025-10-12 18:00:00', '何玲', '14784084030', '高利 15719208596
云南省辛集县锡山济南街P座', NULL, NULL, 'completed', 171, '2025-09-26 06:10:04', '2025-10-11 09:56:32');
INSERT INTO rentals (id, device_id, start_date, end_date, ship_out_time, ship_in_time, customer_name, customer_phone, destination, ship_out_tracking_no, ship_in_tracking_no, status, parent_rental_id, created_at, updated_at) VALUES (174, 2, '2025-10-31', '2025-11-01', '2025-10-27 09:00:00', '2025-11-05 18:00:00', '夏鹏', '13907620896', '詹冬梅 13562534584
广东省石家庄县东丽唐路C座', '', '', 'not_shipped', NULL, '2025-09-26 15:56:47', '2025-09-26 15:57:14');
INSERT INTO rentals (id, device_id, start_date, end_date, ship_out_time, ship_in_time, customer_name, customer_phone, destination, ship_out_tracking_no, ship_in_tracking_no, status, parent_rental_id, created_at, updated_at) VALUES (175, 43, '2025-09-29', '2025-10-08', '2025-09-27 09:00:00', '2025-10-10 18:00:00', '李亮', '18006441904', '陈金凤 13757498226
江苏省霞县兴山合山路G座', NULL, NULL, 'returned', 94, '2025-09-27 07:07:36', '2025-10-09 06:30:14');
INSERT INTO rentals (id, device_id, start_date, end_date, ship_out_time, ship_in_time, customer_name, customer_phone, destination, ship_out_tracking_no, ship_in_tracking_no, status, parent_rental_id, created_at, updated_at) VALUES (176, 30, '2025-10-03', '2025-10-05', '2025-09-30 09:00:00', '2025-10-08 18:00:00', '田华', '18056320534', '兰秀芳 18836367992
贵州省桂珍县山亭侯街U座', '', '', 'completed', NULL, '2025-09-28 03:34:09', '2025-10-07 15:46:30');
INSERT INTO rentals (id, device_id, start_date, end_date, ship_out_time, ship_in_time, customer_name, customer_phone, destination, ship_out_tracking_no, ship_in_tracking_no, status, parent_rental_id, created_at, updated_at) VALUES (179, 25, '2025-10-01', '2025-10-02', '2025-09-29 09:00:00', '2025-10-03 18:00:00', '韦成', '18793050270', '翁柳 13623742682
江西省柳县涪城陈路I座', 'SF0257721903037', '', 'completed', NULL, '2025-09-28 07:40:29', '2025-10-04 03:06:23');
INSERT INTO rentals (id, device_id, start_date, end_date, ship_out_time, ship_in_time, customer_name, customer_phone, destination, ship_out_tracking_no, ship_in_tracking_no, status, parent_rental_id, created_at, updated_at) VALUES (181, 14, '2025-10-04', '2025-10-04', '2025-10-02 09:00:00', '2025-10-06 18:00:00', '李玲', '15078177861', '方小红 13283396817
台湾省郑州县安次裴街g座', '', '', 'completed', NULL, '2025-09-28 10:13:51', '2025-10-07 15:48:55');
INSERT INTO rentals (id, device_id, start_date, end_date, ship_out_time, ship_in_time, customer_name, customer_phone, destination, ship_out_tracking_no, ship_in_tracking_no, status, parent_rental_id, created_at, updated_at) VALUES (182, 3, '2025-11-06', '2025-11-12', '2025-11-03 09:00:00', '2025-11-15 18:00:00', '赵志强', '18817019580', '梁英 13749127907
山东省丽娟市高明王街h座', NULL, NULL, 'not_shipped', NULL, '2025-09-28 10:53:37', '2025-09-28 10:53:37');
INSERT INTO rentals (id, device_id, start_date, end_date, ship_out_time, ship_in_time, customer_name, customer_phone, destination, ship_out_tracking_no, ship_in_tracking_no, status, parent_rental_id, created_at, updated_at) VALUES (186, 20, '2025-10-04', '2025-10-06', '2025-10-01 09:00:00', '2025-10-09 18:00:00', '杜琴', '13285900475', '路强 18519821612
澳门特别行政区玉梅县沙湾郑州路f座', '', '', 'completed', NULL, '2025-09-29 02:31:26', '2025-10-09 06:28:31');
INSERT INTO rentals (id, device_id, start_date, end_date, ship_out_time, ship_in_time, customer_name, customer_phone, destination, ship_out_tracking_no, ship_in_tracking_no, status, parent_rental_id, created_at, updated_at) VALUES (187, 23, '2025-10-03', '2025-10-06', '2025-10-01 09:00:00', '2025-10-08 18:00:00', '李燕', '13442007730', '夏柳 13092574849
河南省哈尔滨县东城成都路M座', '', '', 'completed', NULL, '2025-09-29 03:46:19', '2025-10-08 01:42:03');
INSERT INTO rentals (id, device_id, start_date, end_date, ship_out_time, ship_in_time, customer_name, customer_phone, destination, ship_out_tracking_no, ship_in_tracking_no, status, parent_rental_id, created_at, updated_at) VALUES (189, 8, '2025-10-04', '2025-10-04', '2025-10-02 09:00:00', '2025-10-06 18:00:00', '林洋', '14581880864', '陈宁 18188263012
福建省旭市沈河白街F座', '', '', 'completed', NULL, '2025-09-29 06:05:07', '2025-10-06 04:28:14');
INSERT INTO rentals (id, device_id, start_date, end_date, ship_out_time, ship_in_time, customer_name, customer_phone, destination, ship_out_tracking_no, ship_in_tracking_no, status, parent_rental_id, created_at, updated_at) VALUES (193, 44, '2025-10-04', '2025-10-04', '2025-10-02 09:00:00', '2025-10-06 18:00:00', '黄玲', '13010268055', '袁英 15697239578
湖北省芳县孝南王路E座', '', '', 'completed', NULL, '2025-09-29 11:30:30', '2025-10-06 04:22:28');
INSERT INTO rentals (id, device_id, start_date, end_date, ship_out_time, ship_in_time, customer_name, customer_phone, destination, ship_out_tracking_no, ship_in_tracking_no, status, parent_rental_id, created_at, updated_at) VALUES (194, 3, '2025-10-25', '2025-10-26', '2025-10-22 09:00:00', '2025-10-29 18:00:00', '焦建军', '15092691686', '李想 13964119888
青海省波县牧野唐街F座', '', '', 'not_shipped', NULL, '2025-09-30 05:20:11', '2025-09-30 05:20:41');
INSERT INTO rentals (id, device_id, start_date, end_date, ship_out_time, ship_in_time, customer_name, customer_phone, destination, ship_out_tracking_no, ship_in_tracking_no, status, parent_rental_id, created_at, updated_at) VALUES (195, 18, '2025-10-04', '2025-10-05', '2025-10-02 09:00:00', '2025-10-07 18:00:00', '姚萍', '18068149679', '牛桂芳 15600642399
江苏省哈尔滨县闵行张路p座', '', '', 'completed', NULL, '2025-10-01 08:41:56', '2025-10-07 15:31:39');
INSERT INTO rentals (id, device_id, start_date, end_date, ship_out_time, ship_in_time, customer_name, customer_phone, destination, ship_out_tracking_no, ship_in_tracking_no, status, parent_rental_id, created_at, updated_at) VALUES (199, 26, '2025-10-06', '2025-10-08', '2025-10-03 09:00:00', '2025-10-10 18:00:00', '熊伟', '15996022979', '赖超 15542974028
甘肃省英县魏都李路K座', '', '', 'completed', NULL, '2025-10-01 08:45:07', '2025-10-09 13:21:45');
INSERT INTO rentals (id, device_id, start_date, end_date, ship_out_time, ship_in_time, customer_name, customer_phone, destination, ship_out_tracking_no, ship_in_tracking_no, status, parent_rental_id, created_at, updated_at) VALUES (201, 2, '2025-10-06', '2025-10-07', '2025-10-03 09:00:00', '2025-10-10 18:00:00', '刘坤', '14581202806', '欧阳宁 18248329320
陕西省乌鲁木齐县上街杨路U座', '', '', 'completed', NULL, '2025-10-02 00:33:23', '2025-10-10 12:49:40');
INSERT INTO rentals (id, device_id, start_date, end_date, ship_out_time, ship_in_time, customer_name, customer_phone, destination, ship_out_tracking_no, ship_in_tracking_no, status, parent_rental_id, created_at, updated_at) VALUES (202, 12, '2025-10-07', '2025-10-07', '2025-10-04 09:00:00', '2025-10-10 18:00:00', '邓林', '15706700036', '袁桂英 18198966206
澳门特别行政区波市东城宜都街L座', '', '', 'completed', NULL, '2025-10-02 15:32:41', '2025-10-10 04:07:31');
INSERT INTO rentals (id, device_id, start_date, end_date, ship_out_time, ship_in_time, customer_name, customer_phone, destination, ship_out_tracking_no, ship_in_tracking_no, status, parent_rental_id, created_at, updated_at) VALUES (203, 14, '2025-10-06', '2025-10-08', '2025-10-04 09:00:00', '2025-10-10 18:00:00', '李秀芳', '18603880396', '吴婷 18916526773
陕西省荣县合川宋街v座', '', '', 'completed', NULL, '2025-10-04 01:56:09', '2025-10-09 13:19:45');
INSERT INTO rentals (id, device_id, start_date, end_date, ship_out_time, ship_in_time, customer_name, customer_phone, destination, ship_out_tracking_no, ship_in_tracking_no, status, parent_rental_id, created_at, updated_at) VALUES (204, 25, '2025-10-06', '2025-10-07', '2025-10-04 09:00:00', '2025-10-10 18:00:00', '林琳', '15877984815', '白宁 14740462068
安徽省佳市普陀佛山路s座', '', '', 'completed', NULL, '2025-10-04 03:07:21', '2025-10-10 11:02:49');
INSERT INTO rentals (id, device_id, start_date, end_date, ship_out_time, ship_in_time, customer_name, customer_phone, destination, ship_out_tracking_no, ship_in_tracking_no, status, parent_rental_id, created_at, updated_at) VALUES (206, 8, '2025-10-08', '2025-10-12', '2025-10-06 09:00:00', '2025-10-14 18:00:00', '周秀华', '15902479739', '李兰英 15381667382
陕西省秀英市沙湾郑路l座', '', '', 'shipped', NULL, '2025-10-06 01:46:44', '2025-10-08 07:35:50');
INSERT INTO rentals (id, device_id, start_date, end_date, ship_out_time, ship_in_time, customer_name, customer_phone, destination, ship_out_tracking_no, ship_in_tracking_no, status, parent_rental_id, created_at, updated_at) VALUES (207, 1, '2025-12-20', '2025-12-22', '2025-12-17 09:00:00', '2025-12-25 18:00:00', '许建国', '13116309564', '刘阳 15503695683
宁夏回族自治区齐齐哈尔县锡山广州街t座', '', '', 'not_shipped', NULL, '2025-10-06 03:33:11', '2025-10-06 03:33:11');
INSERT INTO rentals (id, device_id, start_date, end_date, ship_out_time, ship_in_time, customer_name, customer_phone, destination, ship_out_tracking_no, ship_in_tracking_no, status, parent_rental_id, created_at, updated_at) VALUES (209, 44, '2025-10-18', '2025-10-20', '2025-10-14 09:00:00', '2025-10-24 18:00:00', '王娜', '15371447286', '吕帅 15060929233
江西省桂芳县南湖合肥街E座', 'SF1557748203274', '', 'not_shipped', NULL, '2025-10-07 15:28:29', '2025-10-08 09:30:44');
INSERT INTO rentals (id, device_id, start_date, end_date, ship_out_time, ship_in_time, customer_name, customer_phone, destination, ship_out_tracking_no, ship_in_tracking_no, status, parent_rental_id, created_at, updated_at) VALUES (210, 18, '2025-10-11', '2025-10-12', '2025-10-08 09:00:00', '2025-10-15 18:00:00', '侯坤', '18133986708', '陈建国 13067788405
河南省成市徐汇六盘水街R座', '', '', 'shipped', NULL, '2025-10-07 15:30:34', '2025-10-08 01:57:35');
INSERT INTO rentals (id, device_id, start_date, end_date, ship_out_time, ship_in_time, customer_name, customer_phone, destination, ship_out_tracking_no, ship_in_tracking_no, status, parent_rental_id, created_at, updated_at) VALUES (211, 10, '2025-10-11', '2025-10-12', '2025-10-09 09:00:00', '2025-10-14 18:00:00', '刘玲', '13536810009', '郭秀荣 18611233044
新疆维吾尔自治区六安市友好张家港路Z座', '', '', 'shipped', NULL, '2025-10-07 15:32:40', '2025-10-08 01:57:47');
INSERT INTO rentals (id, device_id, start_date, end_date, ship_out_time, ship_in_time, customer_name, customer_phone, destination, ship_out_tracking_no, ship_in_tracking_no, status, parent_rental_id, created_at, updated_at) VALUES (212, 54, '2025-10-17', '2025-10-19', '2025-10-13 09:00:00', '2025-10-23 18:00:00', '张鹏', '15919033672', '夏玉华 15731767438
云南省玉英县海陵潘街M座', 'SF1557748203292', '', 'not_shipped', NULL, '2025-10-08 01:38:31', '2025-10-08 09:31:17');
INSERT INTO rentals (id, device_id, start_date, end_date, ship_out_time, ship_in_time, customer_name, customer_phone, destination, ship_out_tracking_no, ship_in_tracking_no, status, parent_rental_id, created_at, updated_at) VALUES (213, 32, '2025-10-17', '2025-10-18', '2025-10-14 09:00:00', '2025-10-21 18:00:00', '孙楠', '18666018110', '邓华 15118105517
宁夏回族自治区博市大东王街k座', 'SF1557748203283', '', 'not_shipped', NULL, '2025-10-08 01:56:26', '2025-10-08 09:29:32');
INSERT INTO rentals (id, device_id, start_date, end_date, ship_out_time, ship_in_time, customer_name, customer_phone, destination, ship_out_tracking_no, ship_in_tracking_no, status, parent_rental_id, created_at, updated_at) VALUES (221, 19, '2025-10-18', '2025-10-20', '2025-10-14 09:00:00', '2025-10-24 18:00:00', '潘玉英', '13014457328', '郑建华 13614038458
山西省长春市城北冯路A座', 'SF1557715874025', '', 'not_shipped', NULL, '2025-10-08 12:09:54', '2025-10-12 00:10:20');
INSERT INTO rentals (id, device_id, start_date, end_date, ship_out_time, ship_in_time, customer_name, customer_phone, destination, ship_out_tracking_no, ship_in_tracking_no, status, parent_rental_id, created_at, updated_at) VALUES (225, 14, '2025-10-25', '2025-10-26', '2025-10-22 21:31:00', '2025-10-29 21:31:00', '郭莉', '15877899637', '杨帅 15876735581
澳门特别行政区通辽市西峰向路D座', '', '', 'not_shipped', NULL, '2025-10-09 13:32:39', '2025-10-09 13:33:10');
INSERT INTO rentals (id, device_id, start_date, end_date, ship_out_time, ship_in_time, customer_name, customer_phone, destination, ship_out_tracking_no, ship_in_tracking_no, status, parent_rental_id, created_at, updated_at) VALUES (228, 4, '2025-10-29', '2025-11-04', '2025-10-27 08:00:00', '2025-11-06 08:00:00', '衡军', '18045328158', '严淑英 15963588424
河北省北镇县魏都王路I座', '', '', 'not_shipped', NULL, '2025-10-09 13:58:59', '2025-10-09 13:58:59');
INSERT INTO rentals (id, device_id, start_date, end_date, ship_out_time, ship_in_time, customer_name, customer_phone, destination, ship_out_tracking_no, ship_in_tracking_no, status, parent_rental_id, created_at, updated_at) VALUES (230, 15, '2025-10-12', '2025-10-13', '2025-10-10 08:00:00', '2025-10-15 08:00:00', '任凯', '13770855803', '陈建华 13814494267
河北省太原市秀英甄街r座', '', '', 'shipped', NULL, '2025-10-09 23:47:23', '2025-10-10 03:07:30');
INSERT INTO rentals (id, device_id, start_date, end_date, ship_out_time, ship_in_time, customer_name, customer_phone, destination, ship_out_tracking_no, ship_in_tracking_no, status, parent_rental_id, created_at, updated_at) VALUES (231, 1, '2025-10-11', '2025-10-11', '2025-10-09 08:00:00', '2025-10-13 08:00:00', '林华', '15340053186', '宁佳 13293534691
西藏自治区坤县滨城朱街e座', '', '', 'shipped', NULL, '2025-10-10 01:37:00', '2025-10-10 03:07:46');
INSERT INTO rentals (id, device_id, start_date, end_date, ship_out_time, ship_in_time, customer_name, customer_phone, destination, ship_out_tracking_no, ship_in_tracking_no, status, parent_rental_id, created_at, updated_at) VALUES (232, 5, '2025-10-24', '2025-10-26', '2025-10-21 08:00:00', '2025-10-29 08:00:00', '罗建华', '14554040665', '赖涛 18277633599
甘肃省佳县高港朱路b座', '', '', 'not_shipped', NULL, '2025-10-10 03:17:37', '2025-10-10 03:17:37');
INSERT INTO rentals (id, device_id, start_date, end_date, ship_out_time, ship_in_time, customer_name, customer_phone, destination, ship_out_tracking_no, ship_in_tracking_no, status, parent_rental_id, created_at, updated_at) VALUES (233, 21, '2025-10-17', '2025-10-19', '2025-10-13 11:19:00', '2025-10-22 11:19:00', '余阳', '18047000328', '刘云 15544938072
湖南省勇县长寿杨街F座', 'SF1557715874007', '', 'not_shipped', NULL, '2025-10-10 03:19:37', '2025-10-11 13:06:32');
INSERT INTO rentals (id, device_id, start_date, end_date, ship_out_time, ship_in_time, customer_name, customer_phone, destination, ship_out_tracking_no, ship_in_tracking_no, status, parent_rental_id, created_at, updated_at) VALUES (234, 2, '2025-10-19', '2025-10-21', '2025-10-16 08:00:00', '2025-10-24 08:00:00', '刘海燕', '15240900416', '耿志强 15273991902
宁夏回族自治区银川县高明银川路P座', '', '', 'not_shipped', NULL, '2025-10-10 04:18:29', '2025-10-10 04:18:29');
INSERT INTO rentals (id, device_id, start_date, end_date, ship_out_time, ship_in_time, customer_name, customer_phone, destination, ship_out_tracking_no, ship_in_tracking_no, status, parent_rental_id, created_at, updated_at) VALUES (235, 2, '2025-11-15', '2025-11-15', '2025-11-13 08:00:00', '2025-11-17 08:00:00', '黄雪梅', '15321296377', '姚东 15598151404
澳门特别行政区台北市新城贵阳街A座', '', '', 'not_shipped', NULL, '2025-10-10 04:21:22', '2025-10-10 04:21:22');
INSERT INTO rentals (id, device_id, start_date, end_date, ship_out_time, ship_in_time, customer_name, customer_phone, destination, ship_out_tracking_no, ship_in_tracking_no, status, parent_rental_id, created_at, updated_at) VALUES (238, 6, '2025-10-25', '2025-10-27', '2025-10-22 08:00:00', '2025-10-30 08:00:00', '叶东', '18112276139', '马明 18100979795
重庆市上海县高坪孟街H座', '', '', 'not_shipped', NULL, '2025-10-10 06:31:44', '2025-10-10 06:31:44');
INSERT INTO rentals (id, device_id, start_date, end_date, ship_out_time, ship_in_time, customer_name, customer_phone, destination, ship_out_tracking_no, ship_in_tracking_no, status, parent_rental_id, created_at, updated_at) VALUES (241, 3, '2025-10-17', '2025-10-17', '2025-10-13 14:47:00', '2025-10-20 14:47:00', '唐欣', '15600681696', '张凤英 13928507301
宁夏回族自治区淮安市黄浦李路x座', 'SF1557715874016', '', 'not_shipped', NULL, '2025-10-10 06:47:49', '2025-10-11 13:05:52');
INSERT INTO rentals (id, device_id, start_date, end_date, ship_out_time, ship_in_time, customer_name, customer_phone, destination, ship_out_tracking_no, ship_in_tracking_no, status, parent_rental_id, created_at, updated_at) VALUES (242, 46, '2025-10-17', '2025-10-17', '2025-10-14 14:47:00', '2025-10-20 14:47:00', '李秀英', '13481376936', '缪桂芳 13459786985
湖南省东莞县大兴蔺路x座', '', '', 'not_shipped', 241, '2025-10-10 06:47:49', '2025-10-10 06:47:49');
INSERT INTO rentals (id, device_id, start_date, end_date, ship_out_time, ship_in_time, customer_name, customer_phone, destination, ship_out_tracking_no, ship_in_tracking_no, status, parent_rental_id, created_at, updated_at) VALUES (243, 4, '2025-10-19', '2025-10-22', '2025-10-17 08:00:00', '2025-10-24 08:00:00', '周英', '18770225803', '李秀云 15641769510
江苏省平市徐汇宜都路e座', '', '', 'not_shipped', NULL, '2025-10-11 10:26:09', '2025-10-11 10:26:09');
INSERT INTO rentals (id, device_id, start_date, end_date, ship_out_time, ship_in_time, customer_name, customer_phone, destination, ship_out_tracking_no, ship_in_tracking_no, status, parent_rental_id, created_at, updated_at) VALUES (244, 7, '2025-10-25', '2025-10-26', '2025-10-22 19:51:00', '2025-10-29 19:51:00', '林晶', '18725744954', '张楠 18728670134
上海市西宁县清城邯郸街g座', '', '', 'not_shipped', NULL, '2025-10-11 11:52:14', '2025-10-11 11:52:14');
INSERT INTO rentals (id, device_id, start_date, end_date, ship_out_time, ship_in_time, customer_name, customer_phone, destination, ship_out_tracking_no, ship_in_tracking_no, status, parent_rental_id, created_at, updated_at) VALUES (245, 8, '2025-10-25', '2025-10-26', '2025-10-23 19:54:00', '2025-10-28 19:54:00', '刘秀云', '13998276108', '关海燕 13449590662
西藏自治区晶市龙潭张路F座', '', '', 'not_shipped', NULL, '2025-10-11 11:55:13', '2025-10-11 11:55:53');
INSERT INTO rentals (id, device_id, start_date, end_date, ship_out_time, ship_in_time, customer_name, customer_phone, destination, ship_out_tracking_no, ship_in_tracking_no, status, parent_rental_id, created_at, updated_at) VALUES (246, 9, '2025-10-23', '2025-10-26', '2025-10-21 08:00:00', '2025-10-28 08:00:00', '高雪', '15312697921', '王玉 13386186026
江西省乌鲁木齐县六枝特萧街o座', '', '', 'not_shipped', NULL, '2025-10-11 12:01:07', '2025-10-11 12:02:36');
INSERT INTO rentals (id, device_id, start_date, end_date, ship_out_time, ship_in_time, customer_name, customer_phone, destination, ship_out_tracking_no, ship_in_tracking_no, status, parent_rental_id, created_at, updated_at) VALUES (249, 1, '2025-10-24', '2025-10-26', '2025-10-21 20:22:00', '2025-10-29 20:22:00', '李雷', '13346227793', '李欢 15986990960
天津市贵阳县六枝特南宁路t座', '', '', 'not_shipped', NULL, '2025-10-11 12:22:38', '2025-10-11 12:22:38');
INSERT INTO rentals (id, device_id, start_date, end_date, ship_out_time, ship_in_time, customer_name, customer_phone, destination, ship_out_tracking_no, ship_in_tracking_no, status, parent_rental_id, created_at, updated_at) VALUES (250, 35, '2025-10-24', '2025-10-26', '2025-10-21 20:22:00', '2025-10-29 20:22:00', '谢建平', '13083049305', '唐鑫 18180069005
黑龙江省武汉市蓟州刘街n座', '', '', 'not_shipped', 249, '2025-10-11 12:22:38', '2025-10-11 12:22:38');

-- 4. 租赁统计数据（rental_statistics）
INSERT INTO rental_statistics (id, stat_date, period_start, period_end, total_rentals, total_rent, total_value, created_at, updated_at) VALUES (1, '2025-10-12', '2025-09-12', '2025-10-12', 136, '29224.00', '27184.00', '2025-10-11 23:49:17', '2025-10-11 23:49:17');

-- 5. 审计日志数据（audit_logs）- 最近1000条
